聡,さとし,satoshi
美希,みき,miki
憲一,けんいち,kenichi
大樹,ひろき,hiroki
洋,よう,you
孝太郎,こうたろう,koutarou
沙耶,さや,saya
雅之,まさゆき,masayuki
倫子,のりこ,noriko
未來,みらい,mirai
薫,かおる,kaoru
育二,いくじ,ikuji
ヒロ,ひろ,hiro
メイサ,めいさ,meisa
美佐,みさ,misa
恵麻,えま,ema
雅之,まさゆき,masayuki
花,はな,hana
季衣,としえ,toshie
薫,かおる,kaoru
米蔵,よねぞう,yonezou
一代,かずよ,kazuyo
奈月,なつき,natsuki
浩太郎,こうたろう,koutarou
めぐみ,めぐみ,megumi
正義,まさよし,masayoshi
慎之介,しんのすけ,shinnosuke
一徳,いっとく,ittoku
美咲,みさき,misaki
美佐,みさ,misa
寛,ひろし,hiroshi
真一,しんいち,shinichi
七世,ななせ,nanase
愛,あい,ai
咲,さき,saki
法嗣,ほうし,houshi
兼,けん,ken
早紀,さき,saki
聡,さとし,satoshi
了,りょう,ryou
ジョージ,じょーじ,george
ヒカル,ひかる,hikaru
由美子,ゆみこ,yumiko
真奈美,まなみ,manami
秀樹,ひでき,hideki
宏行,ひろゆき,hiroyuki
きみまろ,きみまろ,kimimaro
拓郎,たくろう,takurou
禄郎,ろくろう,rokurou
正敏,まさとし,masatoshi
竜次,りゅうじ,ryuuji
聖陽,まさあき,masaaki
くるみ,くるみ,kurumi
薫,かおる,kaoru
慎之介,しんのすけ,shinnosuke
咲,さき,saki
太朗,たろう,tarou
里穂,りほ,riho
明日,めいび,meibi
ケンイチ,けんいち,kenichi
敏也,としや,toshiya
聖陽,まさあき,masaaki
美佐子,みさこ,misako
有海,あみ,ami
大樹,ひろき,hiroki
恭子,きょうこ,kyouko
美月,みづき,miduki
正義,まさよし,masayoshi
友以乃,ゆいの,yuino
朝陽,あさひ,asahi
ノブヒコ,のぶひこ,nobuhiko
亮介,りょうすけ,ryousuke
寛治,かんじ,kanji
一代,かずよ,kazuyo
ひとみ,ひとみ,hitomi
しほり,しほり,shihori
ケンイチ,けんいち,kenichi
恵美,めぐみ,megumi
南朋,なお,nao
芳正,よしまさ,yoshimasa
昴,すばる,subaru
菜摘,なつみ,natsumi
コウ,こう,kou
広司,こうじ,kouji
たまき,たまき,tamaki
コウ,こう,kou
獅童,しどう,shidou
康文,やすふみ,yasufumi
亮介,りょうすけ,ryousuke
菜摘,なつみ,natsumi
育二,いくじ,ikuji
景子,けいこ,keiko
雄太,ゆうた,yuuta
さやか,さやか,sayaka
隼士,しゅんじ,shunji
翔太,しょうた,shouta
友也,ともや,tomoya
隼士,しゅんじ,shunji
明慶,あきよし,akiyoshi
あおい,あおい,aoi
育子,いくこ,ikuko
サンタマリア,さんたまりあ,stmaria
雅之,まさゆき,masayuki
翔子,しょうこ,shouko
知世,ちせ,chise
コウ,こう,kou
洋,よう,you
啓介,けいすけ,keisuke
えみ,えみ,emi
あや子,あやこ,ayako
丈雄,たけお,takeo
優,ゆう,yuu
真一,しんいち,shinichi
薫,かおる,kaoru
マサカズ,まさかず,masakazu
ヒカル,ひかる,hikaru
育二,いくじ,ikuji
洋,よう,you
光,ひかる,hikaru
有起哉,ゆきや,yukiya
桃子,ももこ,momoko
瞬,しゅん,shun
瞬,しゅん,shun
惇,じゅん,jun
育子,いくこ,ikuko
ケンイチ,けんいち,kenichi
南朋,なお,nao
里奈,りな,rina
咲,さき,saki
花,はな,hana
洋,よう,you
ちえみ,ちえみ,chiemi
早織,さおり,saori
一恵,かづえ,kadue
景子,けいこ,keiko
ヒロ,ひろ,hiro
ひとり,ひとり,hitori
仁晶,ひろあき,hiroaki
あおい,あおい,aoi
なつみ,なつみ,natsumi
優一,ゆういち,yuuichi
利夫,としお,toshio
法子,のりこ,noriko
菜々美,ななみ,nanami
友以乃,ゆいの,yuino
新太,あらた,arata
まなみ,まなみ,manami
誠一,せいいち,seiichi
隼士,しゅんじ,shunji
進,すすむ,susumu
樹里,じゅり,juri
慢太郎,まんたろう,mantarou
法嗣,ほうし,houshi
恵梨香,えりか,erika
竜次,りゅうじ,ryuuji
涼子,りょうこ,ryouko
雅之,まさゆき,masayuki
沙耶,さや,saya
春樹,はるき,haruki
南朋,なお,nao
翔太,しょうた,shouta
丈雄,たけお,takeo
雅彦,まさひこ,masahiko
たまき,たまき,tamaki
洋介,ようすけ,yousuke
亜希,あき,aki
さとみ,さとみ,satomi
サンタマリア,さんたまりあ,stmaria
理紗,りさ,risa
大樹,ひろき,hiroki
紗季,さき,saki
しほり,しほり,shihori
未華子,みかこ,mikako
隆,たかし,takashi
一代,かずよ,kazuyo
勇介,ゆうすけ,yuusuke
マサカズ,まさかず,masakazu
花緑,かろく,karoku
美佳,みか,mika
佳乃,よしの,yoshino
美優,みゅう,myuu
季衣,としえ,toshie
陽子,ようこ,youko
芽以,めい,mei
マサカズ,まさかず,masakazu
サンタマリア,さんたまりあ,stmaria
早紀,さき,saki
優,ゆう,yuu
優一,ゆういち,yuuichi
雅功,まさとし,masatoshi
莉沙,りさ,risa
菜摘,なつみ,natsumi
勇太,ゆうた,yuuta
浩介,こうすけ,kousuke
大五郎,だいごろう,daigorou
陽子,ようこ,youko
たかお,たかお,takao
優,ゆう,yuu
将也,まさや,masaya
直人,なおと,naoto
法子,のりこ,noriko
誠治,せいじ,seiji
沙耶,さや,saya
徹平,てっぺい,teppei
あおい,あおい,aoi
隼士,しゅんじ,shunji
勤,つとむ,tsutomu
翔太,しょうた,shouta
ひとり,ひとり,hitori
和香,わか,waka
寛,ひろし,hiroshi
獅童,しどう,shidou
恵子,けいこ,keiko
智花,ともか,tomoka
長利,ながとし,nagatoshi
光良,てるよし,teruyoshi
京子,きょうこ,kyouko
勇一,ゆういち,yuuichi
さとみ,さとみ,satomi
ジローラモ,じろーらも,girolamo
俊介,しゅんすけ,shunsuke
遥,はるか,haruka
サンタマリア,さんたまりあ,stmaria
勇,ゆう,yuu
薫,かおる,kaoru
優一,ゆういち,yuuichi
直人,なおと,naoto
哲平,てっぺい,teppei
賢二,けんじ,kenji
恵梨香,えりか,erika
あおい,あおい,aoi
明慶,あきよし,akiyoshi
倫子,のりこ,noriko
陽子,ようこ,youko
新太,あらた,arata
あさみ,あさみ,asami
秀樹,ひでき,hideki
知史,ともふみ,tomofumi
友以乃,ゆいの,yuino
まさみ,まさみ,masami
菜摘,なつみ,natsumi
悟志,さとし,satoshi
祐基,ゆうき,yuuki
なつみ,なつみ,natsumi
真悠子,まゆこ,mayuko
まみ,まみ,mami
夏空,そら,sora
広之,ひろゆき,hiroyuki
サダヲ,さだお,sadawo
雅彦,まさひこ,masahiko
光良,てるよし,teruyoshi
拓郎,たくろう,takurou
竜也,たつや,tatsuya
慎之介,しんのすけ,shinnosuke
めぐみ,めぐみ,megumi
隆,たかし,takashi
れいな,れいな,reina
理紗,りさ,risa
聡,さとし,satoshi
千夏,ちなつ,chinatsu
翔太,しょうた,shouta
玲那,れな,rena
まみ,まみ,mami
光良,てるよし,teruyoshi
憲一,けんいち,kenichi
優,ゆう,yuu
敦,あつし,atsushi
洋,よう,you
里奈,りな,rina
杏,あん,ann
仁,じん,jin
未來,みらい,mirai
芳正,よしまさ,yoshimasa
夏希,なつき,natsuki
あい,あい,ai
はるみ,はるみ,harumi
あさみ,あさみ,asami
花,はな,hana
広之,ひろゆき,hiroyuki
隆博,たかひろ,takahiro
たかお,たかお,takao
哲平,てっぺい,teppei
ちえみ,ちえみ,chiemi
一哉,かずや,kazuya
美佐,みさ,misa
光洋,みつひろ,mitsuhiro
愛子,あいこ,aiko
有海,あみ,ami
広之,ひろゆき,hiroyuki
信吾,しんご,shingo
エリカ,えりか,erika
菊生,きくお,kikuo
建,けん,ken
賢二,けんじ,kenji
育子,いくこ,ikuko
未來,みらい,mirai
陽介,ようすけ,yousuke
樹里,じゅり,juri
法子,のりこ,noriko
朝香,あさか,asaka
華子,はなこ,hanako
圭,けい,kei
詩織,しおり,shiori
しぼり,しぼり,shibori
和之,かずゆき,kazuyuki
浩太郎,こうたろう,koutarou
綾,あや,aya
倫子,のりこ,noriko
路子,みちこ,michiko
友也,ともや,tomoya
真帆,まほ,maho
さとみ,さとみ,satomi
太朗,たろう,tarou
克実,かつみ,katsumi
崇史,たかし,takashi
きみまろ,きみまろ,kimimaro
季衣,としえ,toshie
晋也,しんや,shinya
精児,せいじ,seiji
昴,すばる,subaru
俊介,しゅんすけ,shunsuke
丈史,たけし,takeshi
はるみ,はるみ,harumi
裕次郎,ゆうじろう,yuujirou
愛梨,あいり,airi
勤,つとむ,tsutomu
愛子,あいこ,aiko
さんま,さんま,sanma
咲,さき,saki
れいな,れいな,reina
りえ,りえ,rie
克実,かつみ,katsumi
佳乃,よしの,yoshino
ノブヒコ,のぶひこ,nobuhiko
鉄洋,てつひろ,tetsuhiro
敏也,としや,toshiya
勇太,ゆうた,yuuta
悟志,さとし,satoshi
宏行,ひろゆき,hiroyuki
進,すすむ,susumu
理紗,りさ,risa
賢二,けんじ,kenji
晴臣,はるおみ,haruomi
聡,さとし,satoshi
恵美,めぐみ,megumi
徹平,てっぺい,teppei
進,すすむ,susumu
彩華,あやか,ayaka
努,つとむ,tsutomu
米蔵,よねぞう,yonezou
瑠璃亜,るりあ,ruria
優,ゆう,yuu
窈,よう,you
寛,ひろし,hiroshi
由宇,ゆう,yuu
基祐,きすけ,kisuke
雅彦,まさひこ,masahiko
奈月,なつき,natsuki
薫,かおる,kaoru
徹,とおる,tohru
文世,ふみよ,fumiyo
季衣,としえ,toshie
仁晶,ひろあき,hiroaki
翔子,しょうこ,shouko
勝久,かつひさ,katsuhisa
沙知絵,さちえ,sachie
陽子,ようこ,youko
里穂,りほ,riho
耕司,こうじ,kouji
薫,かおる,kaoru
遥,はるか,haruka
真一,しんいち,shinichi
由宇,ゆう,yuu
だん吉,だんきち,dankichi
愛,あい,ai
仁晶,ひろあき,hiroaki
まみ,まみ,mami
浩太郎,こうたろう,koutarou
隆博,たかひろ,takahiro
染五郎,そめごろう,somegorou
康文,やすふみ,yasufumi
優,ゆう,yuu
路子,みちこ,michiko
明慶,あきよし,akiyoshi
そら,そら,sora
正義,まさよし,masayoshi
仁,じん,jin
徹平,てっぺい,teppei
慎之介,しんのすけ,shinnosuke
れいな,れいな,reina
遥,はるか,haruka
法子,のりこ,noriko
彩華,あやか,ayaka
菜々美,ななみ,nanami
奈月,なつき,natsuki
博明,ひろあき,hiroaki
明,あきら,akira
宏行,ひろゆき,hiroyuki
法子,のりこ,noriko
聡,さとし,satoshi
夏希,なつき,natsuki
倫子,のりこ,noriko
翔子,しょうこ,shouko
芽以,めい,mei
沙耶,さや,saya
由宇,ゆう,yuu
希,のぞみ,nozomi
徹,とおる,tooru
しぼり,しぼり,shibori
千夏,ちなつ,chinatsu
優一,ゆういち,yuuichi
ひろみ,ひろみ,hiromi
奈月,なつき,natsuki
まみ,まみ,mami
美里,みり,miri
京子,きょうこ,kyouko
建,けん,ken
豊,ゆたか,yutaka
茜,あかね,akane
慎之介,しんのすけ,shinnosuke
育子,いくこ,ikuko
薫,かおる,kaoru
染五郎,そめごろう,somegorou
誠一,せいいち,seiichi
さとみ,さとみ,satomi
米蔵,よねぞう,yonezou
遥,はるか,haruka
健,けん,ken
ヒロ,ひろ,hiro
明,あきら,akira
美紀,みき,miki
聡,さとし,satoshi
みゆき,みゆき,miyuki
景子,けいこ,keiko
美咲,みさき,misaki
博之,ひろゆき,hiroyuki
賢治,けんじ,kenji
弘也,ひろなり,hironari
朝陽,あさひ,asahi
小百合,さゆり,sayuri
晋也,しんや,shinya
法子,のりこ,noriko
礼子,れいこ,reiko
彩,あや,aya
法子,のりこ,noriko
なつみ,なつみ,natsumi
愛子,あいこ,aiko
恵子,けいこ,keiko
華子,はなこ,hanako
惇,あつし,atsushi
里穂,りほ,riho
ケンイチ,けんいち,kenichi
千夏,ちなつ,chinatsu
涼子,りょうこ,ryouko
知世,ちせ,chise
真希,まき,maki
詩織,しおり,shiori
美紀,みき,miki
恵子,けいこ,keiko
佳乃,よしの,yoshino
瞬,しゅん,shun
三郎,さぶろう,saburou
友香,ともか,tomoka
隼士,しゅんじ,shunji
徹平,てっぺい,teppei
良介,りょうすけ,ryousuke
京子,きょうこ,kyouko
恵美,めぐみ,megumi
朝陽,あさひ,asahi
誠一,せいいち,seiichi
慢太郎,まんたろう,mantarou
薫,かおる,kaoru
圭,けい,kei
恵梨香,えりか,erika
大五郎,だいごろう,daigorou
俊二,しゅんじ,shunji
樹里,じゅり,juri
慢太郎,まんたろう,mantarou
有海,あみ,ami
小雁,こがん,kogan
広司,こうじ,kouji
禄郎,ろくろう,rokurou
隼士,しゅんじ,shunji
めぐみ,めぐみ,megumi
達士,たつひと,tatsuhito
一樹,かずき,kazuki
禄郎,ろくろう,rokurou
精児,せいじ,seiji
瞳,ひとみ,hitomi
惇,じゅん,jun
はるか,はるか,haruka
直人,なおと,naoto
草太,そうた,souta
光博,みつひろ,mitsuhiro
基祐,きすけ,kisuke
美月,みづき,miduki
美智子,みちこ,michiko
聡,さとし,satoshi
茂樹,しげき,shigeki
寿々花,すずか,suzuka
ヒロ,ひろ,hiro
ヒカル,ひかる,hikaru
長利,ながとし,nagatoshi
春樹,はるき,haruki
扶樹,もとき,motoki
なつみ,なつみ,natsumi
弘也,ひろなり,hironari
里奈,りな,rina
未來,みらい,mirai
陽子,ようこ,youko
あき,あき,aki
洋介,ようすけ,yousuke
玲那,れな,rena
れいな,れいな,reina
砂羽,さわ,sawa
勇介,ゆうすけ,yuusuke
里奈,りな,rina
直人,なおと,naoto
玲那,れな,rena
真奈美,まなみ,manami
希,のぞみ,nozomi
利夫,としお,toshio
サンタマリア,さんたまりあ,stmaria
花緑,かろく,karoku
文世,ふみよ,fumiyo
真悠子,まゆこ,mayuko
豊,ゆたか,yutaka
莉央,りお,rio
花,はな,hana
法子,のりこ,noriko
千佳子,ちかこ,chikako
愛菜,あいな,aina
美幸,みゆき,miyuki
たまき,たまき,tamaki
育二,いくじ,ikuji
光洋,みつひろ,mitsuhiro
ジローラモ,じろーらも,girolamo
麻緒,まお,mao
浩介,こうすけ,kousuke
京子,きょうこ,kyouko
翔太,しょうた,shouta
悟志,さとし,satoshi
怜奈,れいな,reina
遥,はるか,haruka
六郎,ろくろう,rokurou
獅童,しどう,shidou
光,ひかる,hikaru
希,のぞみ,nozomi
杏,あん,ann
まみ,まみ,mami
染五郎,そめごろう,somegorou
さんま,さんま,sanma
誠治,せいじ,seiji
裕次郎,ゆうじろう,yuujirou
由宇,ゆう,yuu
智花,ともか,tomoka
大樹,ひろき,hiroki
恵子,けいこ,keiko
由宇,ゆう,yuu
高史,たかし,takashi
淳子,あつこ,atsuko
愛,あい,ai
弘也,ひろなり,hironari
薫,かおる,kaoru
美嘉,みか,mika
京子,きょうこ,kyouko
一,はじめ,hajime
竜次,りゅうじ,ryuuji
ケンイチ,けんいち,kenichi
優,ゆう,yuu
まみ,まみ,mami
咲,さき,saki
進,すすむ,susumu
圭,けい,kei
仁晶,ひろあき,hiroaki
なぎさ,なぎさ,nagisa
美希,みき,miki
奈々,なな,nana
めぐみ,めぐみ,megumi
草太,そうた,souta
礼子,れいこ,reiko
瞳,ひとみ,hitomi
サダヲ,さだお,sadawo
小百合,さゆり,sayuri
竜也,たつや,tatsuya
宏,ひろし,hiroshi
扶樹,もとき,motoki
瞬,しゅん,shun
莉沙,りさ,risa
ヒロ,ひろ,hiro
人志,ひとし,hitoshi
良介,りょうすけ,ryousuke
徹,とおる,tohru
啓介,けいすけ,keisuke
沙耶,さや,saya
陽子,ようこ,youko
光博,みつひろ,mitsuhiro
窈,よう,you
未華子,みかこ,mikako
和香,わか,waka
佑,たすく,tasuku
さんま,さんま,sanma
雄太,ゆうた,yuuta
里奈,りな,rina
マサカズ,まさかず,masakazu
由美子,ゆみこ,yumiko
沙知絵,さちえ,sachie
璃奈子,りなこ,rinako
ひろみ,ひろみ,hiromi
ノブヒコ,のぶひこ,nobuhiko
将也,まさや,masaya
佑,たすく,tasuku
三省,さんせい,sansei
砂羽,さわ,sawa
礼子,れいこ,reiko
亜希,あき,aki
小雁,こがん,kogan
寿々花,すずか,suzuka
寿々花,すずか,suzuka
利夫,としお,toshio
美咲,みさき,misaki
莉緒,りお,rio
祐一,ゆういち,yuuichi
俊介,しゅんすけ,shunsuke
仁晶,ひろあき,hiroaki
草太,そうた,souta
一樹,かずき,kazuki
薫,かおる,kaoru
ノブヒコ,のぶひこ,nobuhiko
彩,あや,aya
遥,はるか,haruka
ひかり,ひかり,hikari
慶二,けいじ,keiji
勇介,ゆうすけ,yuusuke
昴,すばる,subaru
恵子,けいこ,keiko
あや子,あやこ,ayako
美月,みづき,miduki
美佐子,みさこ,misako
秀樹,ひでき,hideki
鉄洋,てつひろ,tetsuhiro
充則,みつのり,mitsunori
友也,ともや,tomoya
充則,みつのり,mitsunori
真吾,しんご,shingo
樹里,じゅり,juri
隼士,しゅんじ,shunji
はじめ,はじめ,hajime
光,ひかる,hikaru
れいな,れいな,reina
美月,みづき,miduki
憲一,けんいち,kenichi
恵子,けいこ,keiko
くるみ,くるみ,kurumi
沙知絵,さちえ,sachie
健,けん,ken
秀隆,ひでたか,hidetaka
ひろみ,ひろみ,hiromi
恭子,きょうこ,kyouko
三省,さんせい,sansei
しぼり,しぼり,shibori
えみ,えみ,emi
明,あきら,akira
真希,まき,maki
輝信,あきのぶ,akinobu
惇,じゅん,jun
瞬,しゅん,shun
あき,あき,aki
蒼甫,そうすけ,sousuke
徹,とおる,tooru
三省,さんせい,sansei
信輔,しんすけ,shinsuke
正敏,まさとし,masatoshi
六郎,ろくろう,rokurou
明,あきら,akira
俊二,しゅんじ,shunji
フミヤ,ふみや,fumiya
さやか,さやか,sayaka
敏和,としかず,toshikazu
碧海,おうが,ouga
鉄洋,てつひろ,tetsuhiro
瞳,ひとみ,hitomi
利夫,としお,toshio
瞳,ひとみ,hitomi
りえ,りえ,rie
千佳子,ちかこ,chikako
ヒカル,ひかる,hikaru
信輔,しんすけ,shinsuke
瞬,しゅん,shun
真吾,しんご,shingo
恵望子,えみこ,emiko
さやか,さやか,sayaka
隆之介,りゅうのすけ,ryuunosuke
ジョージ,じょーじ,george
まなみ,まなみ,manami
昌代,まさよ,masayo
友也,ともや,tomoya
しぼり,しぼり,shibori
淳子,あつこ,atsuko
明慶,あきよし,akiyoshi
真悠子,まゆこ,mayuko
麗奈,れな,rena
美嘉,みか,mika
知世,ちせ,chise
七世,ななせ,nanase
翔子,しょうこ,shouko
みき,みき,miki
恵望子,えみこ,emiko
恵麻,えま,ema
英嗣,ひでつぐ,hidetsugu
奈月,なつき,natsuki
あさみ,あさみ,asami
恵望子,えみこ,emiko
健,けん,ken
祐基,ゆうき,yuuki
たまき,たまき,tamaki
太朗,たろう,tarou
拓郎,たくろう,takurou
禄郎,ろくろう,rokurou
真悠子,まゆこ,mayuko
勇介,ゆうすけ,yuusuke
勝久,かつひさ,katsuhisa
正敏,まさとし,masatoshi
彩華,あやか,ayaka
しぼり,しぼり,shibori
直人,なおと,naoto
璃子,りこ,riko
佑,たすく,tasuku
陽介,ようすけ,yousuke
賢二,けんじ,kenji
だん吉,だんきち,dankichi
あき,あき,aki
法嗣,ほうし,houshi
基祐,きすけ,kisuke
丈史,たけし,takeshi
高史,たかし,takashi
みき,みき,miki
杏,あん,ann
あや子,あやこ,ayako
雅之,まさゆき,masayuki
優,ゆう,yuu
雅功,まさとし,masatoshi
菜々美,ななみ,nanami
基祐,きすけ,kisuke
ひとみ,ひとみ,hitomi
浩太郎,こうたろう,koutarou
満,みつる,mitsuru
七世,ななせ,nanase
ジョージ,じょーじ,george
瞬,しゅん,shun
里奈,りな,rina
結衣,ゆい,yui
恵麻,えま,ema
勇一,ゆういち,yuuichi
徹,とおる,tooru
裕次郎,ゆうじろう,yuujirou
ケンイチ,けんいち,kenichi
育子,いくこ,ikuko
仁,じん,jin
圭,けい,kei
慢太郎,まんたろう,mantarou
雄太,ゆうた,yuuta
正敏,まさとし,masatoshi
翔太,しょうた,shouta
友以乃,ゆいの,yuino
しぼり,しぼり,shibori
ひろみ,ひろみ,hiromi
法子,のりこ,noriko
功補,こうすけ,kousuke
ちえみ,ちえみ,chiemi
砂羽,さわ,sawa
達士,たつひと,tatsuhito
光博,みつひろ,mitsuhiro
雅之,まさゆき,masayuki
樹里,じゅり,juri
淳,あつし,atsushi
雅之,まさゆき,masayuki
裕司,ゆうじ,yuuji
くるみ,くるみ,kurumi
明日,めいび,meibi
晋也,しんや,shinya
禄郎,ろくろう,rokurou
宏,ひろし,hiroshi
奈央,なお,nao
一徳,いっとく,ittoku
丈雄,たけお,takeo
桃子,ももこ,momoko
佑,たすく,tasuku
有海,あみ,ami
あおい,あおい,aoi
ジローラモ,じろーらも,girolamo
未華子,みかこ,mikako
瞬,しゅん,shun
玲那,れな,rena
誠治,せいじ,seiji
郁恵,いくえ,ikue
悟志,さとし,satoshi
美紀,みき,miki
扶樹,もとき,motoki
かおり,かおり,kaori
大五郎,だいごろう,daigorou
克実,かつみ,katsumi
桃子,ももこ,momoko
美希,みき,miki
なつみ,なつみ,natsumi
ひかり,ひかり,hikari
米蔵,よねぞう,yonezou
惇,あつし,atsushi
はじめ,はじめ,hajime
未來,みらい,mirai
満,みつる,mitsuru
照生,てるお,teruo
和之,かずゆき,kazuyuki
由美子,ゆみこ,yumiko
理紗,りさ,risa
千佳子,ちかこ,chikako
遥,はるか,haruka
なつみ,なつみ,natsumi
恵望子,えみこ,emiko
マサカズ,まさかず,masakazu
美佐,みさ,misa
ひかり,ひかり,hikari
隆,たかし,takashi
長利,ながとし,nagatoshi
良介,りょうすけ,ryousuke
千夏,ちなつ,chinatsu
俊介,しゅんすけ,shunsuke
詩織,しおり,shiori
恵梨香,えりか,erika
はるみ,はるみ,harumi
未華子,みかこ,mikako
景子,けいこ,keiko
兼,けん,ken
信吾,しんご,shingo
法嗣,ほうし,houshi
哲平,てっぺい,teppei
ケンイチ,けんいち,kenichi
由宇,ゆう,yuu
景子,けいこ,keiko
直人,なおと,naoto
完爾,かんじ,kanji
結子,ゆうこ,yuuko
明宏,あきひろ,akihiro
彩華,あやか,ayaka
美佐子,みさこ,misako
淳,あつし,atsushi
亜希,あき,aki
一恵,かづえ,kadue
六郎,ろくろう,rokurou
桃子,ももこ,momoko
ヒロ,ひろ,hiro
なつみ,なつみ,natsumi
あい,あい,ai
千夏,ちなつ,chinatsu
菜摘,なつみ,natsumi
妃里,ゆり,yuri
進,すすむ,susumu
ノブヒコ,のぶひこ,nobuhiko
利夫,としお,toshio
恭子,きょうこ,kyouko
恭子,きょうこ,kyouko
七世,ななせ,nanase
正敏,まさとし,masatoshi
慢太郎,まんたろう,mantarou
幸平,こうへい,kouhei
雅之,まさゆき,masayuki
雅彦,まさひこ,masahiko
隼士,しゅんじ,shunji
光,ひかる,hikaru
璃子,りこ,riko
サンタマリア,さんたまりあ,stmaria
亮介,りょうすけ,ryousuke
一代,かずよ,kazuyo
徹平,てっぺい,teppei
あさみ,あさみ,asami
三郎,さぶろう,saburou
結衣,ゆい,yui
はるみ,はるみ,harumi
春樹,はるき,haruki
菜々美,ななみ,nanami
翔太,しょうた,shouta
ちえみ,ちえみ,chiemi
勇一,ゆういち,yuuichi
エリカ,えりか,erika
徹,とおる,tooru
惇,あつし,atsushi
大五郎,だいごろう,daigorou
ひとり,ひとり,hitori
知史,ともふみ,tomofumi
一哉,かずや,kazuya
充則,みつのり,mitsunori
徹,とおる,tooru
祐一,ゆういち,yuuichi
里奈,りな,rina
なぎさ,なぎさ,nagisa
瑠璃亜,るりあ,ruria
一恵,かづえ,kadue
菊生,きくお,kikuo
れいな,れいな,reina
春樹,はるき,haruki
郁恵,いくえ,ikue
瞬,しゅん,shun
憲一,けんいち,kenichi
沙耶,さや,saya
ひとり,ひとり,hitori
景子,けいこ,keiko
雄太,ゆうた,yuuta
康文,やすふみ,yasufumi
佑,たすく,tasuku
育子,いくこ,ikuko
悟志,さとし,satoshi
桃子,ももこ,momoko
窈,よう,you
ひとみ,ひとみ,hitomi
将也,まさや,masaya
健,けん,ken
ノブヒコ,のぶひこ,nobuhiko
美和子,みわこ,miwako
賢二,けんじ,kenji
三省,さんせい,sansei
佑,たすく,tasuku
敏和,としかず,toshikazu
貴嶺,たかね,takane
優,ゆう,yuu
りえ,りえ,rie
光,ひかる,hikaru
里穂,りほ,riho
窈,よう,you1
碧海,おうが,ouga
信吾,しんご,shingo
惇,あつし,atsushi
ヒロ,ひろ,hiro
さとみ,さとみ,satomi
愛子,あいこ,aiko
茂樹,しげき,shigeki
薫,かおる,kaoru
さゆり,さゆり,sayuri
さとみ,さとみ,satomi
仁,じん,jin
信輔,しんすけ,shinsuke
仁,じん,jin
メイサ,めいさ,meisa
雅彦,まさひこ,masahiko
昌代,まさよ,masayo
未來,みらい,mirai
翔太,しょうた,shouta
れいな,れいな,reina
晋也,しんや,shinya
めぐみ,めぐみ,megumi
ジローラモ,じろーらも,girolamo
ケンイチ,けんいち,kenichi
景子,けいこ,keiko
淳,あつし,atsushi
さやか,さやか,sayaka
美佐,みさ,misa
さやか,さやか,sayaka
早紀,さき,saki
友香,ともか,tomoka
遥,はるか,haruka
仁晶,ひろあき,hiroaki
礼子,れいこ,reiko
雅彦,まさひこ,masahiko
亮,りょう,ryou
直人,なおと,naoto
麻由子,まゆこ,mayuko
聖陽,まさあき,masaaki
知世,ちせ,chise
哲平,てっぺい,teppei
精児,せいじ,seiji
めぐみ,めぐみ,megumi
進,すすむ,susumu
克実,かつみ,katsumi
照生,てるお,teruo
幸平,こうへい,kouhei
紗季,さき,saki
光,ひかる,hikaru
浩太郎,こうたろう,koutarou
宏行,ひろゆき,hiroyuki
祐基,ゆうき,yuuki
文世,ふみよ,fumiyo
さやか,さやか,sayaka
守,まもる,mamoru
美佐,みさ,misa
麻由子,まゆこ,mayuko
美菜,みな,mina
憲一,けんいち,kenichi
右京,うきょう,ukyou
徹,とおる,tooru
はじめ,はじめ,hajime
恵子,けいこ,keiko
薫,かおる,kaoru
遥,はるか,haruka
くるみ,くるみ,kurumi
太朗,たろう,tarou
剛基,よしき,yoshiki
ヒロ,ひろ,hiro
雅彦,まさひこ,masahiko
完爾,かんじ,kanji
雄太,ゆうた,yuuta
康文,やすふみ,yasufumi
貴美子,きみこ,kimiko
雅之,まさゆき,masayuki
玲那,れな,rena
未華子,みかこ,mikako
勇太,ゆうた,yuuta
麻緒,まお,mao
光,ひかる,hikaru
あい,あい,ai
聖陽,まさあき,masaaki
美嘉,みか,mika
寛治,かんじ,kanji
ノブヒコ,のぶひこ,nobuhiko
明慶,あきよし,akiyoshi
きみまろ,きみまろ,kimimaro
杏,あん,ann
孝太郎,こうたろう,koutarou
真奈美,まなみ,manami
哲平,てっぺい,teppei
拓郎,たくろう,takurou
碧海,おうが,ouga
はるか,はるか,haruka
麻由子,まゆこ,mayuko
ケンイチ,けんいち,kenichi
遥,はるか,haruka
フミヤ,ふみや,fumiya
七世,ななせ,nanase
功補,こうすけ,kousuke
満,みつる,mitsuru
和久,かずひさ,kazuhisa
由美子,ゆみこ,yumiko
勇,ゆう,yuu
かおり,かおり,kaori
ヒカル,ひかる,hikaru
佑,たすく,tasuku
豊,ゆたか,yutaka
マサカズ,まさかず,masakazu
隼士,しゅんじ,shunji
浩介,こうすけ,kousuke
あや子,あやこ,ayako
美嘉,みか,mika
明日,めいび,meibi
知世,ちせ,chise
公顕,きみあき,kimiaki
妃里,ゆり,yuri
広司,こうじ,kouji
鉄洋,てつひろ,tetsuhiro
薫,かおる,kaoru
千夏,ちなつ,chinatsu
康文,やすふみ,yasufumi
徹平,てっぺい,teppei
沙知絵,さちえ,sachie
コウ,こう,kou
杏,あん,ann
ひかり,ひかり,hikari
勇一,ゆういち,yuuichi
淳子,あつこ,atsuko
祐一,ゆういち,yuuichi
満,みつる,mitsuru
めぐみ,めぐみ,megumi
はるか,はるか,haruka
遥,はるか,haruka
だん吉,だんきち,dankichi
あき,あき,aki
龍吉,りゅうきち,ryuukichi
獅童,しどう,shidou
早織,さおり,saori
長利,ながとし,nagatoshi
三郎,さぶろう,saburou
輝信,あきのぶ,akinobu
季衣,としえ,toshie
博之,ひろゆき,hiroyuki
憲一,けんいち,kenichi
ひとみ,ひとみ,hitomi
栄一,えいいち,eiichi
博明,ひろあき,hiroaki
美智子,みちこ,michiko
隼士,しゅんじ,shunji
景子,けいこ,keiko
奈央,なお,nao
倫子,のりこ,noriko
綾女,あやめ,ayame
文世,ふみよ,fumiyo
瞬,しゅん,shun
由宇,ゆう,yuu
悟志,さとし,satoshi
まみ,まみ,mami
友也,ともや,tomoya
めぐみ,めぐみ,megumi
玲那,れな,rena
和香,わか,waka
俊二,しゅんじ,shunji
豊,ゆたか,yutaka
莉央,りお,rio
惇,じゅん,jun
莉央,りお,rio
美菜,みな,mina
賢二,けんじ,kenji
遥,はるか,haruka
信輔,しんすけ,shinsuke
丈雄,たけお,takeo
惇,じゅん,jun
寛治,かんじ,kanji
扶樹,もとき,motoki
早紀,さき,saki
薫,かおる,kaoru
未來,みらい,mirai
彩華,あやか,ayaka1
祐一,ゆういち,yuuichi
基祐,きすけ,kisuke
昌代,まさよ,masayo
小雁,こがん,kogan
由樹,ゆき,yuki
結子,ゆうこ,yuuko
那奈,なな,nana
りえ,りえ,rie
洋介,ようすけ,yousuke
雅彦,まさひこ,masahiko
雅之,まさゆき,masayuki
麻由子,まゆこ,mayuko
美嘉,みか,mika
竜次,りゅうじ,ryuuji
早紀,さき,saki
誠一,せいいち,seiichi
勇,ゆう,yuu
勇太,ゆうた,yuuta1
りえ,りえ,rie
郁恵,いくえ,ikue
恵美,めぐみ,megumi
美和子,みわこ,miwako
茜,あかね,akane
秀隆,ひでたか,hidetaka
莉沙,りさ,risa
涼,りょう,ryou
慢太郎,まんたろう,mantarou
あさみ,あさみ,asami
達士,たつひと,tatsuhito
大樹,ひろき,hiroki
崇史,たかし,takashi
菊生,きくお,kikuo
サダヲ,さだお,sadawo
まひる,まひる,mahiru
なぎさ,なぎさ,nagisa
真吾,しんご,shingo
くるみ,くるみ,kurumi
季衣,としえ,toshie
友以乃,ゆいの,yuino
花,はな,hana
満,みつる,mitsuru
莉央,りお,rio
幸平,こうへい,kouhei
兼,けん,ken
徹,とおる,tohru
なぎさ,なぎさ,nagisa
賢治,けんじ,kenji
遥,はるか,haruka
隆博,たかひろ,takahiro
恵麻,えま,ema
高史,たかし,takashi
真帆,まほ,maho
隆之介,りゅうのすけ,ryuunosuke
寛治,かんじ,kanji
仁晶,ひろあき,hiroaki
ケンイチ,けんいち,kenichi
慶二,けいじ,keiji
ケンイチ,けんいち,kenichi
愛梨,あいり,airi
美嘉,みか,mika
瞬,しゅん,shun
和香,わか,waka
獅童,しどう,shidou
直人,なおと,naoto
夏希,なつき,natsuki
惇,じゅん,jun
徹平,てっぺい,teppei
高史,たかし,takashi
雄太,ゆうた,yuuta
めぐみ,めぐみ,megumi
真帆,まほ,maho
輝信,あきのぶ,akinobu
浩介,こうすけ,kousuke
知世,ちせ,chise
直人,なおと,naoto
真奈美,まなみ,manami
貴美子,きみこ,kimiko
サンタマリア,さんたまりあ,stmaria
育二,いくじ,ikuji
きみまろ,きみまろ,kimimaro
翔子,しょうこ,shouko
克実,かつみ,katsumi
礼子,れいこ,reiko
慶太,けいた,keita
大樹,ひろき,hiroki
隆太,りゅうた,ryuuta
薫,かおる,kaoru
高史,たかし,takashi
勝久,かつひさ,katsuhisa
真悠子,まゆこ,mayuko
詩織,しおり,shiori
崇史,たかし,takashi
奈央,なお,nao
千佳子,ちかこ,chikako
育二,いくじ,ikuji
結子,ゆうこ,yuuko
茜,あかね,akane
小百合,さゆり,sayuri
哲平,てっぺい,teppei
薫,かおる,kaoru
広司,こうじ,kouji
隆,たかし,takashi
六郎,ろくろう,rokurou
丈史,たけし,takeshi
恵麻,えま,ema
慶二,けいじ,keiji
ケンイチ,けんいち,kenichi
芳正,よしまさ,yoshimasa
千佳子,ちかこ,chikako
光臣,みつおみ,mitsuomi
光,ひかる,hikaru
真希,まき,maki
れいな,れいな,reina
慎之介,しんのすけ,shinnosuke
まなみ,まなみ,manami
隆之介,りゅうのすけ,ryuunosuke
エリカ,えりか,erika
裕司,ゆうじ,yuuji
ひとみ,ひとみ,hitomi
あさみ,あさみ,asami
薫,かおる,kaoru
美紀,みき,miki
和久,かずひさ,kazuhisa
雅功,まさとし,masatoshi
京子,きょうこ,kyouko
建,けん,ken
郁恵,いくえ,ikue
一徳,いっとく,ittoku
さゆり,さゆり,sayuri
陽介,ようすけ,yousuke
一樹,かずき,kazuki
まみ,まみ,mami
早紀,さき,saki
新太,あらた,arata
正義,まさよし,masayoshi
勇,ゆう,yuu
勇,ゆう,yuu
努,つとむ,tsutomu
メイサ,めいさ,meisa
聡,さとし,satoshi
剛基,よしき,yoshiki
法嗣,ほうし,houshi
結子,ゆうこ,yuuko
満,みつる,mitsuru
博明,ひろあき,hiroaki
美嘉,みか,mika
太朗,たろう,tarou
京子,きょうこ,kyouko
あい,あい,ai
きみまろ,きみまろ,kimimaro
光,ひかる,hikaru
理紗,りさ,risa
瑠璃亜,るりあ,ruria
浩介,こうすけ,kousuke
智花,ともか,tomoka
さとみ,さとみ,satomi
悟志,さとし,satoshi
コウ,こう,kou
秀隆,ひでたか,hidetaka
窈,よう,you
信輔,しんすけ,shinsuke
彩華,あやか,ayaka
恭子,きょうこ,kyouko
さやか,さやか,sayaka
優一,ゆういち,yuuichi
浩正,ひろまさ,hiromasa
真悠子,まゆこ,mayuko
ヒカル,ひかる,hikaru
聡,さとし,satoshi
千佳子,ちかこ,chikako
なぎさ,なぎさ,nagisa
めぐみ,めぐみ,megumi
優,ゆう,yuu
輝信,あきのぶ,akinobu
和久,かずひさ,kazuhisa
直人,なおと,naoto
七世,ななせ,nanase
菜摘,なつみ,natsumi
由宇,ゆう,yuu
建,けん,ken
陽子,ようこ,youko
健,けん,ken
あや子,あやこ,ayako
三郎,さぶろう,saburou
美優,みゅう,myuu
陽介,ようすけ,yousuke
ちえみ,ちえみ,chiemi
洋介,ようすけ,yousuke
妃里,ゆり,yuri
剛基,よしき,yoshiki
裕次郎,ゆうじろう,yuujirou
法子,のりこ,noriko
美幸,みゆき,miyuki
悟志,さとし,satoshi
怜奈,れいな,reina
俊二,しゅんじ,shunji
詩織,しおり,shiori
ジローラモ,じろーらも,girolamo
あい,あい,ai
優,ゆう,yuu
景子,けいこ,keiko
昴,すばる,subaru
砂羽,さわ,sawa
兼,けん,ken
あさみ,あさみ,asami
光洋,みつひろ,mitsuhiro
里穂,りほ,riho
郁恵,いくえ,ikue
さとみ,さとみ,satomi
優,ゆう,yuu
景子,けいこ,keiko
ジローラモ,じろーらも,girolamo
まみ,まみ,mami
薫,かおる,kaoru
憲史,のりひと,norihito
優,ゆう,yuu
コウ,こう,kou
賢二,けんじ,kenji
恵美,めぐみ,megumi
玲那,れな,rena
惇,あつし,atsushi
璃子,りこ,riko
彩華,あやか,ayaka
勝久,かつひさ,katsuhisa
友香,ともか,tomoka
くるみ,くるみ,kurumi
美佐,みさ,misa
花,はな,hana
公顕,きみあき,kimiaki
千夏,ちなつ,chinatsu
敏和,としかず,toshikazu
一樹,かずき,kazuki
奈々,なな,nana
愛梨,あいり,airi
雅彦,まさひこ,masahiko
彩,あや,aya
正敏,まさとし,masatoshi
徹,とおる,tooru
美佐,みさ,misa
寿明,としあき,toshiaki
理紗,りさ,risa
恵梨香,えりか,erika
薫,かおる,kaoru
あさみ,あさみ,asami
さやか,さやか,sayaka
沙耶,さや,saya
陽介,ようすけ,yousuke
茂樹,しげき,shigeki
礼子,れいこ,reiko
きみまろ,きみまろ,kimimaro
南朋,なお,nao
まなみ,まなみ,manami
浩太郎,こうたろう,koutarou
雅彦,まさひこ,masahiko
勇一,ゆういち,yuuichi
恭子,きょうこ,kyouko
惇,あつし,atsushi
まひる,まひる,mahiru
美里,みり,miri
亮介,りょうすけ,ryousuke
あい,あい,ai
勇太,ゆうた,yuuta
沙知絵,さちえ,sachie
なつみ,なつみ,natsumi
綾女,あやめ,ayame
三郎,さぶろう,saburou
まさみ,まさみ,masami
一輝,かずき,kazuki
涼,りょう,ryou
仁晶,ひろあき,hiroaki
ちえみ,ちえみ,chiemi
剛基,よしき,yoshiki
樹里,じゅり,juri
あさみ,あさみ,asami
ジョージ,じょーじ,george
瑠璃亜,るりあ,ruria
みあ,みあ,mia
雅彦,まさひこ,masahiko
聖陽,まさあき,masaaki
朝香,あさか,asaka
勇介,ゆうすけ,yuusuke
雅彦,まさひこ,masahiko
真帆,まほ,maho
ひろ子,ひろこ,hiroko
将也,まさや,masaya
莉緒,りお,rio
夏希,なつき,natsuki
さやか,さやか,sayaka
由宇,ゆう,yuu
妃里,ゆり,yuri
さとみ,さとみ,satomi
マサカズ,まさかず,masakazu
美佳,みか,mika
恵麻,えま,ema
怜奈,れいな,reina
めぐみ,めぐみ,megumi
敏和,としかず,toshikazu
秀隆,ひでたか,hidetaka
真悠子,まゆこ,mayuko
祐基,ゆうき,yuuki
裕司,ゆうじ,yuuji
有海,あみ,ami
洋,よう,you
秀樹,ひでき,hideki
草太,そうた,souta
莉緒,りお,rio
隼士,しゅんじ,shunji
進,すすむ,susumu
一代,かずよ,kazuyo
ひろみ,ひろみ,hiromi
まひる,まひる,mahiru
拓郎,たくろう,takurou
咲,さき,saki
由宇,ゆう,yuu1
聡,さとし,satoshi
弘也,ひろなり,hironari
真一,しんいち,shinichi
建,けん,ken
礼子,れいこ,reiko
麗奈,れな,rena
小百合,さゆり,sayuri
浩介,こうすけ,kousuke
兼,けん,ken
獅童,しどう,shidou
祐基,ゆうき,yuuki
和久,かずひさ,kazuhisa
サンタマリア,さんたまりあ,stmaria
徹,とおる,tooru
勇,ゆう,yuu
光,ひかる,hikaru
恵梨香,えりか,erika
詩織,しおり,shiori
佳乃,よしの,yoshino
さとみ,さとみ,satomi
明慶,あきよし,akiyoshi
奈央,なお,nao
雅彦,まさひこ,masahiko
はじめ,はじめ,hajime
京子,きょうこ,kyouko
芳正,よしまさ,yoshimasa
亮介,りょうすけ,ryousuke
光,ひかる,hikaru
勝久,かつひさ,katsuhisa
三郎,さぶろう,saburou
花緑,かろく,karoku
理紗,りさ,risa
夏希,なつき,natsuki
ひろみ,ひろみ,hiromi
季衣,としえ,toshie
朝香,あさか,asaka
綾女,あやめ,ayame
里奈,りな,rina
瑠璃亜,るりあ,ruria
亮介,りょうすけ,ryousuke
ジローラモ,じろーらも,girolamo
晃司,こうじ,kouji
裕司,ゆうじ,yuuji
満,みつる,mitsuru
貴嶺,たかね,takane
幸平,こうへい,kouhei
文世,ふみよ,fumiyo
浩太郎,こうたろう,koutarou
輝信,あきのぶ,akinobu
亜希,あき,aki
砂羽,さわ,sawa
奈央,なお,nao
亜希,あき,aki
紗季,さき,saki
精児,せいじ,seiji
愛子,あいこ,aiko
美帆,みほ,miho
右京,うきょう,ukyou
りえ,りえ,rie
直人,なおと,naoto
たまき,たまき,tamaki
光良,てるよし,teruyoshi
真吾,しんご,shingo
奈央,なお,nao
真吾,しんご,shingo
えみ,えみ,emi
さゆり,さゆり,sayuri
浩太郎,こうたろう,koutarou
ひとみ,ひとみ,hitomi
杏,あん,ann
まひる,まひる,mahiru
健,けん,ken
敏和,としかず,toshikazu
大樹,ひろき,hiroki
恵望子,えみこ,emiko
亮,りょう,ryou
文世,ふみよ,fumiyo
薫,かおる,kaoru
功補,こうすけ,kousuke
仁,じん,jin
サンタマリア,さんたまりあ,stmaria
真奈美,まなみ,manami
季衣,としえ,toshie
禄郎,ろくろう,rokurou
彩華,あやか,ayaka
豊,ゆたか,yutaka
未來,みらい,mirai
啓介,けいすけ,keisuke
淳子,あつこ,atsuko
蒼甫,そうすけ,sousuke
ケンイチ,けんいち,kenichi
右京,うきょう,ukyou
かおり,かおり,kaori
一恵,かづえ,kadue
涼,りょう,ryou
友以乃,ゆいの,yuino
妃里,ゆり,yuri
完爾,かんじ,kanji
花緑,かろく,karoku
雅彦,まさひこ,masahiko
一樹,かずき,kazuki
勇太,ゆうた,yuuta
理紗,りさ,risa
咲,さき,saki
美幸,みゆき,miyuki
あい,あい,ai
なつみ,なつみ,natsumi
浩太郎,こうたろう,koutarou
隆,たかし,takashi
精児,せいじ,seiji
遥,はるか,haruka
璃奈子,りなこ,rinako
倫子,のりこ,noriko
光博,みつひろ,mitsuhiro
健,けん,ken
恵子,けいこ,keiko
智花,ともか,tomoka
隆,たかし,takashi
研二,けんじ,kenji
由樹,ゆき,yuki
健,けん,ken
将也,まさや,masaya
真帆,まほ,maho
達士,たつひと,tatsuhito
季衣,としえ,toshie
綾女,あやめ,ayame
大五郎,だいごろう,daigorou
早紀,さき,saki
沙知絵,さちえ,sachie
美幸,みゆき,miyuki
夏希,なつき,natsuki
千佳子,ちかこ,chikako
基祐,きすけ,kisuke
育子,いくこ,ikuko
光良,てるよし,teruyoshi
兼,けん,ken
沙知絵,さちえ,sachie
賢二,けんじ,kenji
菜摘,なつみ,natsumi
一,はじめ,hajime
夏希,なつき,natsuki1
洋介,ようすけ,yousuke
花,はな,hana
陽子,ようこ,youko
由宇,ゆう,yuu
丈雄,たけお,takeo
憲一,けんいち,kenichi
誠治,せいじ,seiji
あや子,あやこ,ayako
扶樹,もとき,motoki
三省,さんせい,sansei
ヒロ,ひろ,hiro
敏和,としかず,toshikazu
亮,りょう,ryou
信輔,しんすけ,shinsuke
一恵,かづえ,kadue
華子,はなこ,hanako
兼,けん,ken
かおり,かおり,kaori1
守,まもる,mamoru
雅之,まさゆき,masayuki
陽子,ようこ,youko
奈月,なつき,natsuki
信吾,しんご,shingo
鉄二,てつじ,tetsuji
由美子,ゆみこ,yumiko
なつみ,なつみ,natsumi
和之,かずゆき,kazuyuki
陽子,ようこ,youko
早紀,さき,saki
一徳,いっとく,ittoku
誠一,せいいち,seiichi
涼子,りょうこ,ryouko
有起哉,ゆきや,yukiya
菊生,きくお,kikuo
惇,じゅん,jun
竜也,たつや,tatsuya
優,ゆう,yuu
竜也,たつや,tatsuya
紗季,さき,saki
季衣,としえ,toshie
小雁,こがん,kogan
憲史,のりひと,norihito
六郎,ろくろう,rokurou
麻由子,まゆこ,mayuko
一哉,かずや,kazuya
明,あきら,akira
秀隆,ひでたか,hidetaka
早織,さおり,saori
美帆,みほ,miho
寛治,かんじ,kanji
薫,かおる,kaoru
浩太郎,こうたろう,koutarou
なつみ,なつみ,natsumi
早織,さおり,saori
美月,みづき,miduki
杏,あん,ann
愛,あい,ai
祐基,ゆうき,yuuki
法子,のりこ,noriko
季衣,としえ,toshie
隆之介,りゅうのすけ,ryuunosuke
勇一,ゆういち,yuuichi
小雁,こがん,kogan
扶樹,もとき,motoki
草太,そうた,souta
直人,なおと,naoto
れいな,れいな,reina
有起哉,ゆきや,yukiya
真一,しんいち,shinichi
コウ,こう,kou
惇,あつし,atsushi
恵子,けいこ,keiko
勇介,ゆうすけ,yuusuke
裕次郎,ゆうじろう,yuujirou
結衣,ゆい,yui
有海,あみ,ami
慢太郎,まんたろう,mantarou
未華子,みかこ,mikako
淳子,あつこ,atsuko
裕次郎,ゆうじろう,yuujirou
俊二,しゅんじ,shunji
サンタマリア,さんたまりあ,stmaria
公顕,きみあき,kimiaki
優,ゆう,yuu
まなみ,まなみ,manami
優,ゆう,yuu
孝太郎,こうたろう,koutarou
瞳,ひとみ,hitomi
貴美子,きみこ,kimiko
法子,のりこ,noriko
美佳,みか,mika
了,りょう,ryou
聡,さとし,satoshi
雅功,まさとし,masatoshi
麗奈,れな,rena
かおり,かおり,kaori
大樹,ひろき,hiroki
俊二,しゅんじ,shunji
竜次,りゅうじ,ryuuji
さとみ,さとみ,satomi
昌代,まさよ,masayo
さんま,さんま,sanma
達士,たつひと,tatsuhito
誠一,せいいち,seiichi
慢太郎,まんたろう,mantarou
恵梨香,えりか,erika
南朋,なお,nao
あい,あい,ai
里穂,りほ,riho
洋,よう,you
寛治,かんじ,kanji
みき,みき,miki
誠一,せいいち,seiichi
華子,はなこ,hanako
メイサ,めいさ,meisa
翔子,しょうこ,shouko
ノブヒコ,のぶひこ,nobuhiko
ひろ子,ひろこ,hiroko
克実,かつみ,katsumi
綾,あや,aya
まみ,まみ,mami
結子,ゆうこ,yuuko
恵子,けいこ,keiko
ちえみ,ちえみ,chiemi
恵梨香,えりか,erika
寛,ひろし,hiroshi
翔子,しょうこ,shouko
南朋,なお,nao
雅彦,まさひこ,masahiko1
華子,はなこ,hanako
恵美,めぐみ,megumi
なつみ,なつみ,natsumi
れいな,れいな,reina
悟志,さとし,satoshi
里奈,りな,rina
千佳子,ちかこ,chikako
晋也,しんや,shinya
美咲,みさき,misaki
ジローラモ,じろーらも,girolamo
めぐみ,めぐみ,megumi
ひろみ,ひろみ,hiromi
彩,あや,aya
丈史,たけし,takeshi
まなみ,まなみ,manami
信輔,しんすけ,shinsuke
真一,しんいち,shinichi
広之,ひろゆき,hiroyuki
小雁,こがん,kogan
真帆,まほ,maho
晴臣,はるおみ,haruomi
利夫,としお,toshio
惇,じゅん,jun
宏行,ひろゆき,hiroyuki
恵麻,えま,ema
勇一,ゆういち,yuuichi
由宇,ゆう,yuu
光,ひかる,hikaru
敏也,としや,toshiya
茜,あかね,akane
奈央,なお,nao
賢二,けんじ,kenji
翔子,しょうこ,shouko
雅彦,まさひこ,masahiko
窈,よう,you
真悠子,まゆこ,mayuko
鉄二,てつじ,tetsuji
ヒロ,ひろ,hiro
徹,とおる,tooru
小雁,こがん,kogan
勤,つとむ,tsutomu
利夫,としお,toshio
真悠子,まゆこ,mayuko
人志,ひとし,hitoshi
佳乃,よしの,yoshino
小雁,こがん,kogan
亜希,あき,aki
将也,まさや,masaya
聡,さとし,satoshi
克実,かつみ,katsumi
小百合,さゆり,sayuri
早紀,さき,saki
祐一,ゆういち,yuuichi
宏行,ひろゆき,hiroyuki
拓郎,たくろう,takurou
美佐子,みさこ,misako
七世,ななせ,nanase
ひろ子,ひろこ,hiroko
恵梨香,えりか,erika
禄郎,ろくろう,rokurou
さとみ,さとみ,satomi
真悠子,まゆこ,mayuko
寛,ひろし,hiroshi
勇介,ゆうすけ,yuusuke
隆,たかし,takashi
由宇,ゆう,yuu
愛,あい,ai
亜希,あき,aki
一恵,かづえ,kadue
まひる,まひる,mahiru
大樹,ひろき,hiroki
友香,ともか,tomoka
大,まさる,masaru
恵子,けいこ,keiko
茂樹,しげき,shigeki
千佳子,ちかこ,chikako
信輔,しんすけ,shinsuke
璃奈子,りなこ,rinako
六郎,ろくろう,rokurou
勝久,かつひさ,katsuhisa
奈央,なお,nao
研二,けんじ,kenji
優一,ゆういち,yuuichi
はるみ,はるみ,harumi
文世,ふみよ,fumiyo
光洋,みつひろ,mitsuhiro
獅童,しどう,shidou
美帆,みほ,miho
博之,ひろゆき,hiroyuki
夏空,そら,sora
晴臣,はるおみ,haruomi
一恵,かづえ,kadue
良介,りょうすけ,ryousuke
光,ひかる,hikaru
雅彦,まさひこ,masahiko
豊,ゆたか,yutaka
まみ,まみ,mami
法子,のりこ,noriko
丈雄,たけお,takeo
雅之,まさゆき,masayuki
里穂,りほ,riho
恵梨香,えりか,erika
光,ひかる,hikaru
草太,そうた,souta
六郎,ろくろう,rokurou
莉央,りお,rio
薫,かおる,kaoru
真帆,まほ,maho
ひろ子,ひろこ,hiroko
広之,ひろゆき,hiroyuki
達士,たつひと,tatsuhito
洋介,ようすけ,yousuke
一徳,いっとく,ittoku
高史,たかし,takashi
勇介,ゆうすけ,yuusuke
雅彦,まさひこ,masahiko
礼子,れいこ,reiko
隼士,しゅんじ,shunji
あさみ,あさみ,asami
優,ゆう,yuu
なぎさ,なぎさ,nagisa
慶太,けいた,keita
徹,とおる,tooru
小雁,こがん,kogan
恵美,めぐみ,megumi
薫,かおる,kaoru
昴,すばる,subaru
未來,みらい,mirai
麗奈,れな,rena
真一,しんいち,shinichi
輝信,あきのぶ,akinobu
隆,たかし,takashi
明慶,あきよし,akiyoshi
綾女,あやめ,ayame
法子,のりこ,noriko
愛菜,あいな,aina
杏,あん,ann
さやか,さやか,sayaka
愛梨,あいり,airi
薫,かおる,kaoru
悟志,さとし,satoshi
輝信,あきのぶ,akinobu
美智子,みちこ,michiko
さとみ,さとみ,satomi
隼士,しゅんじ,shunji
しほり,しほり,shihori
きみまろ,きみまろ,kimimaro
明日,めいび,meibi
愛,あい,ai1
たかお,たかお,takao
ケンイチ,けんいち,kenichi1
杏,あん,ann
光良,てるよし,teruyoshi
フミヤ,ふみや,fumiya
怜奈,れいな,reina
花緑,かろく,karoku
怜奈,れいな,reina
メイサ,めいさ,meisa
瞬,しゅん,shun
誠一,せいいち,seiichi
未來,みらい,mirai
法子,のりこ,noriko
みあ,みあ,mia
祐基,ゆうき,yuuki
崇史,たかし,takashi
基祐,きすけ,kisuke
朝陽,あさひ,asahi
詩織,しおり,shiori
一,はじめ,hajime
洋介,ようすけ,yousuke
獅童,しどう,shidou
たかお,たかお,takao
ジョージ,じょーじ,george
玲那,れな,rena
隆之介,りゅうのすけ,ryuunosuke
公顕,きみあき,kimiaki
秀樹,ひでき,hideki
杏,あん,ann
勇,ゆう,yuu
涼子,りょうこ,ryouko
美月,みづき,miduki
夏空,そら,sora
美里,みり,miri
晋也,しんや,shinya
守,まもる,mamoru
賢二,けんじ,kenji
美咲,みさき,misaki
しほり,しほり,shihori
サンタマリア,さんたまりあ,stmaria
朝香,あさか,asaka
光良,てるよし,teruyoshi
直人,なおと,naoto
淳子,あつこ,atsuko
洋介,ようすけ,yousuke
晋也,しんや,shinya
優,ゆう,yuu
慶二,けいじ,keiji
由宇,ゆう,yuu
浩介,こうすけ,kousuke
明慶,あきよし,akiyoshi
薫,かおる,kaoru1
仁,じん,jin1
一輝,かずき,kazuki
くるみ,くるみ,kurumi
仁,じん,jin
隆,たかし,takashi
長利,ながとし,nagatoshi
ノブヒコ,のぶひこ,nobuhiko
怜奈,れいな,reina
ひとみ,ひとみ,hitomi
禄郎,ろくろう,rokurou
研二,けんじ,kenji
佑,たすく,tasuku
蒼甫,そうすけ,sousuke
小雁,こがん,kogan
賢治,けんじ,kenji
かおり,かおり,kaori
和之,かずゆき,kazuyuki
里奈,りな,rina
研二,けんじ,kenji
美智子,みちこ,michiko
勝久,かつひさ,katsuhisa
ジョージ,じょーじ,george
瞬,しゅん,shun
景子,けいこ,keiko
優一,ゆういち,yuuichi
みき,みき,miki
右京,うきょう,ukyou
一恵,かづえ,kadue
美希,みき,miki
美咲,みさき,misaki
ひとり,ひとり,hitori
詩織,しおり,shiori
育子,いくこ,ikuko
寿々花,すずか,suzuka
杏,あん,ann1
啓介,けいすけ,keisuke
みあ,みあ,mia
美月,みづき,miduki
瞬,しゅん,shun
美帆,みほ,miho
めぐみ,めぐみ,megumi
貴美子,きみこ,kimiko
大,まさる,masaru
寛,ひろし,hiroshi
美智子,みちこ,michiko
和之,かずゆき,kazuyuki
弘也,ひろなり,hironari
雅之,まさゆき,masayuki
慎之介,しんのすけ,shinnosuke
仁晶,ひろあき,hiroaki
窈,よう,you
有海,あみ,ami
えみ,えみ,emi
桃子,ももこ,momoko
なつみ,なつみ,natsumi
薫,かおる,kaoru
人志,ひとし,hitoshi
蒼甫,そうすけ,sousuke
優,ゆう,yuu
あき,あき,aki
はるみ,はるみ,harumi
杏,あん,ann
美幸,みゆき,miyuki
勇太,ゆうた,yuuta
裕次郎,ゆうじろう,yuujirou
俊二,しゅんじ,shunji
翔子,しょうこ,shouko
ひとみ,ひとみ,hitomi
俊介,しゅんすけ,shunsuke
七世,ななせ,nanase
雅彦,まさひこ,masahiko
三郎,さぶろう,saburou
隆,たかし,takashi
光博,みつひろ,mitsuhiro
季衣,としえ,toshie
充則,みつのり,mitsunori
光臣,みつおみ,mitsuomi
綾,あや,aya
倫子,のりこ,noriko
京子,きょうこ,kyouko
悟志,さとし,satoshi
亜希,あき,aki
芽以,めい,mei
瞬,しゅん,shun
文世,ふみよ,fumiyo
弘也,ひろなり,hironari
有起哉,ゆきや,yukiya
真一,しんいち,shinichi
茂樹,しげき,shigeki
丈雄,たけお,takeo
さとみ,さとみ,satomi
未來,みらい,mirai
佑,たすく,tasuku
麻由子,まゆこ,mayuko
慎之介,しんのすけ,shinnosuke
染五郎,そめごろう,somegorou
詩織,しおり,shiori
裕次郎,ゆうじろう,yuujirou
剛基,よしき,yoshiki
さやか,さやか,sayaka
沙知絵,さちえ,sachie
光良,てるよし,teruyoshi
和久,かずひさ,kazuhisa
了,りょう,ryou
慶二,けいじ,keiji
知世,ちせ,chise
啓介,けいすけ,keisuke
美智子,みちこ,michiko
友也,ともや,tomoya
小雁,こがん,kogan
充則,みつのり,mitsunori
ノブヒコ,のぶひこ,nobuhiko
和久,かずひさ,kazuhisa
菊生,きくお,kikuo
ケンイチ,けんいち,kenichi
正敏,まさとし,masatoshi
みき,みき,miki
郁恵,いくえ,ikue
美佳,みか,mika
奈々,なな,nana
隆之介,りゅうのすけ,ryuunosuke
光,ひかる,hikaru
勇介,ゆうすけ,yuusuke
隆,たかし,takashi
努,つとむ,tsutomu
美嘉,みか,mika
愛菜,あいな,aina
璃奈子,りなこ,rinako
雅彦,まさひこ,masahiko
高史,たかし,takashi
まひる,まひる,mahiru
恵麻,えま,ema
一恵,かづえ,kadue
美紀,みき,miki
建,けん,ken
ジョージ,じょーじ,george
春樹,はるき,haruki
恵梨香,えりか,erika
友以乃,ゆいの,yuino
勇一,ゆういち,yuuichi
南朋,なお,nao
隆,たかし,takashi
雅之,まさゆき,masayuki
和久,かずひさ,kazuhisa
陽介,ようすけ,yousuke
広之,ひろゆき,hiroyuki
那奈,なな,nana
賢二,けんじ,kenji
秀隆,ひでたか,hidetaka
たかお,たかお,takao
景子,けいこ,keiko
由樹,ゆき,yuki
陽子,ようこ,youko
敦,あつし,atsushi
涼子,りょうこ,ryouko
きみまろ,きみまろ,kimimaro
秀樹,ひでき,hideki
拓郎,たくろう,takurou
瑠璃亜,るりあ,ruria
晴臣,はるおみ,haruomi
光臣,みつおみ,mitsuomi
法子,のりこ,noriko
美帆,みほ,miho
貴美子,きみこ,kimiko
夏空,そら,sora
博明,ひろあき,hiroaki
ひとみ,ひとみ,hitomi
秀隆,ひでたか,hidetaka
宏行,ひろゆき,hiroyuki
はるみ,はるみ,harumi
佑,たすく,tasuku
たまき,たまき,tamaki
礼子,れいこ,reiko
直人,なおと,naoto
満,みつる,mitsuru
光,ひかる,hikaru
紗季,さき,saki
雅之,まさゆき,masayuki
奈月,なつき,natsuki
正敏,まさとし,masatoshi
直人,なおと,naoto
芳正,よしまさ,yoshimasa
米蔵,よねぞう,yonezou
さんま,さんま,sanma
祐基,ゆうき,yuuki
長利,ながとし,nagatoshi
花緑,かろく,karoku
真帆,まほ,maho
麻緒,まお,mao
希,のぞみ,nozomi
桃子,ももこ,momoko
めぐみ,めぐみ,megumi
千夏,ちなつ,chinatsu
遥,はるか,haruka
一代,かずよ,kazuyo
啓介,けいすけ,keisuke
達士,たつひと,tatsuhito
栄一,えいいち,eiichi
一徳,いっとく,ittoku
恵美,めぐみ,megumi
由美子,ゆみこ,yumiko
進,すすむ,susumu
功補,こうすけ,kousuke
ヒロ,ひろ,hiro
徹平,てっぺい,teppei
路子,みちこ,michiko
秀隆,ひでたか,hidetaka
真希,まき,maki
仁晶,ひろあき,hiroaki
一徳,いっとく,ittoku
奈々,なな,nana
太朗,たろう,tarou
涼,りょう,ryou
有起哉,ゆきや,yukiya
亮,りょう,ryou
綾女,あやめ,ayame
満,みつる,mitsuru
未來,みらい,mirai
恵子,けいこ,keiko
淳子,あつこ,atsuko
明日,めいび,meibi
光博,みつひろ,mitsuhiro
高史,たかし,takashi
隆太,りゅうた,ryuuta
米蔵,よねぞう,yonezou
朝陽,あさひ,asahi
知世,ちせ,chise
莉緒,りお,rio
雅之,まさゆき,masayuki
あおい,あおい,aoi
桃子,ももこ,momoko
愛梨,あいり,airi
丈雄,たけお,takeo
佳乃,よしの,yoshino
メイサ,めいさ,meisa
有海,あみ,ami
愛梨,あいり,airi
聖陽,まさあき,masaaki
佳乃,よしの,yoshino
仁,じん,jin
亮,りょう,ryou
研二,けんじ,kenji
陽子,ようこ,youko
花,はな,hana
満,みつる,mitsuru
薫,かおる,kaoru
真希,まき,maki
ノブヒコ,のぶひこ,nobuhiko
人志,ひとし,hitoshi
草太,そうた,souta
勇,ゆう,yuu
優,ゆう,yuu
窈,よう,you
明,あきら,akira
沙耶,さや,saya
博明,ひろあき,hiroaki
たかお,たかお,takao
法嗣,ほうし,houshi1
宏,ひろし,hiroshi
美優,みゅう,myuu
隆,たかし,takashi
高史,たかし,takashi
那奈,なな,nana
恵梨香,えりか,erika
徹,とおる,tooru
光博,みつひろ,mitsuhiro
正敏,まさとし,masatoshi
夏空,そら,sora
哲平,てっぺい,teppei
賢二,けんじ,kenji
京子,きょうこ,kyouko
きみまろ,きみまろ,kimimaro
勇,ゆう,yuu
良介,りょうすけ,ryousuke
朝陽,あさひ,asahi
れいな,れいな,reina
大樹,ひろき,hiroki
博明,ひろあき,hiroaki
照生,てるお,teruo
莉央,りお,rio
聖陽,まさあき,masaaki
俊介,しゅんすけ,shunsuke
慶二,けいじ,keiji
大五郎,だいごろう,daigorou
まさみ,まさみ,masami
新太,あらた,arata
ちえみ,ちえみ,chiemi
しほり,しほり,shihori
鉄二,てつじ,tetsuji
貴嶺,たかね,takane1
康文,やすふみ,yasufumi
しぼり,しぼり,shibori
倫子,のりこ,noriko
正敏,まさとし,masatoshi
メイサ,めいさ,meisa
ヒロ,ひろ,hiro
砂羽,さわ,sawa
憲一,けんいち,kenichi
恭子,きょうこ,kyouko
博明,ひろあき,hiroaki
誠治,せいじ,seiji
寿々花,すずか,suzuka
賢二,けんじ,kenji
未華子,みかこ,mikako
憲史,のりひと,norihito
佑,たすく,tasuku
慶二,けいじ,keiji
詩織,しおり,shiori
きみまろ,きみまろ,kimimaro
はるみ,はるみ,harumi
俊二,しゅんじ,shunji
扶樹,もとき,motoki
美佳,みか,mika
小百合,さゆり,sayuri
あさみ,あさみ,asami
めぐみ,めぐみ,megumi
明慶,あきよし,akiyoshi
未華子,みかこ,mikako
将也,まさや,masaya
菜々美,ななみ,nanami
雅彦,まさひこ,masahiko
陽介,ようすけ,yousuke
昴,すばる,subaru
祐一,ゆういち,yuuichi
まなみ,まなみ,manami
真一,しんいち,shinichi
明慶,あきよし,akiyoshi
寿明,としあき,toshiaki
美佐子,みさこ,misako
美菜,みな,mina
桃子,ももこ,momoko
薫,かおる,kaoru
勇太,ゆうた,yuuta
ケンイチ,けんいち,kenichi
一恵,かづえ,kadue
薫,かおる,kaoru
愛,あい,ai
隆太,りゅうた,ryuuta
草太,そうた,souta
雅之,まさゆき,masayuki
小雁,こがん,kogan
勝久,かつひさ,katsuhisa
美里,みり,miri
栄一,えいいち,eiichi
詩織,しおり,shiori
路子,みちこ,michiko
美優,みゅう,myuu
優,ゆう,yuu
恵梨香,えりか,erika
美佳,みか,mika
草太,そうた,souta
大五郎,だいごろう,daigorou
哲平,てっぺい,teppei
右京,うきょう,ukyou
美紀,みき,miki
ひろ子,ひろこ,hiroko
広之,ひろゆき,hiroyuki
理紗,りさ,risa
サンタマリア,さんたまりあ,stmaria
瞬,しゅん,shun
翔,しょう,shou
窈,よう,you
光,ひかる,hikaru
精児,せいじ,seiji
涼子,りょうこ,ryouko
大五郎,だいごろう,daigorou
美優,みゅう,myuu
菜摘,なつみ,natsumi
明日,めいび,meibi
彩華,あやか,ayaka
コウ,こう,kou
桃子,ももこ,momoko
さとみ,さとみ,satomi
慢太郎,まんたろう,mantarou
莉央,りお,rio
和久,かずひさ,kazuhisa
ジローラモ,じろーらも,girolamo
徹,とおる,tohru
憲史,のりひと,norihito
育二,いくじ,ikuji
惇,あつし,atsushi
玲那,れな,rena
博明,ひろあき,hiroaki
恵梨香,えりか,erika
しぼり,しぼり,shibori
法子,のりこ,noriko
大,まさる,masaru
美佐子,みさこ,misako
彩,あや,aya
ヒロ,ひろ,hiro
玲那,れな,rena
早紀,さき,saki
一代,かずよ,kazuyo
まさみ,まさみ,masami
有海,あみ,ami
茜,あかね,akane
知世,ちせ,chise
まさし,まさし,masashi
明,あきら,akira
建,けん,ken
怜奈,れいな,reina
莉緒,りお,rio
小雁,こがん,kogan
莉央,りお,rio
一哉,かずや,kazuya
沙耶,さや,saya
みあ,みあ,mia
勤,つとむ,tsutomu
美里,みり,miri
克実,かつみ,katsumi
ヒカル,ひかる,hikaru
基祐,きすけ,kisuke
美嘉,みか,mika
愛菜,あいな,aina
陽子,ようこ,youko
一,はじめ,hajime
みゆき,みゆき,miyuki
亮,りょう,ryou
慢太郎,まんたろう,mantarou
みき,みき,miki
憲一,けんいち,kenichi
竜也,たつや,tatsuya
美優,みゅう,myuu
麻由子,まゆこ,mayuko
あい,あい,ai
法子,のりこ,noriko
慢太郎,まんたろう,mantarou
翔子,しょうこ,shouko
雄太,ゆうた,yuuta
基祐,きすけ,kisuke
美和子,みわこ,miwako
みあ,みあ,mia
隼士,しゅんじ,shunji
未來,みらい,mirai
春樹,はるき,haruki
勤,つとむ,tsutomu
光博,みつひろ,mitsuhiro
杏,あん,ann
薫,かおる,kaoru
優,ゆう,yuu
栄一,えいいち,eiichi
芽以,めい,mei
惇,あつし,atsushi
亮介,りょうすけ,ryousuke
勝久,かつひさ,katsuhisa
敦,あつし,atsushi
竜也,たつや,tatsuya
咲,さき,saki
めぐみ,めぐみ,megumi
京子,きょうこ,kyouko
秀樹,ひでき,hideki
徹,とおる,tooru
芳正,よしまさ,yoshimasa
亜希,あき,aki
結子,ゆうこ,yuuko
薫,かおる,kaoru
美月,みづき,miduki
陽子,ようこ,youko1
りえ,りえ,rie
薫,かおる,kaoru
恵子,けいこ,keiko
恵美,めぐみ,megumi
光博,みつひろ,mitsuhiro
進,すすむ,susumu
遥,はるか,haruka
光臣,みつおみ,mitsuomi
明,あきら,akira
精児,せいじ,seiji
さやか,さやか,sayaka
佑,たすく,tasuku
浩正,ひろまさ,hiromasa
真帆,まほ,maho
勇太,ゆうた,yuuta
建,けん,ken
麻緒,まお,mao
美和子,みわこ,miwako
ヒロ,ひろ,hiro
陽介,ようすけ,yousuke
薫,かおる,kaoru
淳子,あつこ,atsuko
礼子,れいこ,reiko
まさみ,まさみ,masami
杏,あん,ann
剛基,よしき,yoshiki
杏,あん,ann
さゆり,さゆり,sayuri
くるみ,くるみ,kurumi
克実,かつみ,katsumi
みき,みき,miki
育子,いくこ,ikuko
涼,りょう,ryou
法嗣,ほうし,houshi
佑,たすく,tasuku
勝久,かつひさ,katsuhisa
公顕,きみあき,kimiaki
幸平,こうへい,kouhei
博之,ひろゆき,hiroyuki
夏希,なつき,natsuki
惇,じゅん,jun
美佳,みか,mika
明日,めいび,meibi
美佐,みさ,misa
なぎさ,なぎさ,nagisa
麻緒,まお,mao
美幸,みゆき,miyuki
まなみ,まなみ,manami
朝香,あさか,asaka
弘也,ひろなり,hironari
はるか,はるか,haruka
恵梨香,えりか,erika
怜奈,れいな,reina
祐一,ゆういち,yuuichi
茜,あかね,akane
礼子,れいこ,reiko
秀樹,ひでき,hideki
剛基,よしき,yoshiki
秀隆,ひでたか,hidetaka
知史,ともふみ,tomofumi
涼,りょう,ryou
丈史,たけし,takeshi
栄一,えいいち,eiichi
米蔵,よねぞう,yonezou
希,のぞみ,nozomi
功補,こうすけ,kousuke
幸子,さちこ,sachiko
結子,ゆうこ,yuuko
まひる,まひる,mahiru
明日,めいび,meibi
薫,かおる,kaoru
礼子,れいこ,reiko
瞬,しゅん,shun
広之,ひろゆき,hiroyuki
美里,みり,miri
真悠子,まゆこ,mayuko
慶太,けいた,keita
佑,たすく,tasuku
仁晶,ひろあき,hiroaki
ケンイチ,けんいち,kenichi
知世,ちせ,chise
ひろみ,ひろみ,hiromi
一恵,かづえ,kadue
竜也,たつや,tatsuya
寿明,としあき,toshiaki
詩織,しおり,shiori
洋介,ようすけ,yousuke
直人,なおと,naoto
徹平,てっぺい,teppei
獅童,しどう,shidou
小百合,さゆり,sayuri
春樹,はるき,haruki
徹,とおる,tooru
一恵,かづえ,kadue
貴嶺,たかね,takane
涼子,りょうこ,ryouko
浩正,ひろまさ,hiromasa
拓郎,たくろう,takurou
将也,まさや,masaya
信吾,しんご,shingo
雅之,まさゆき,masayuki
遥,はるか,haruka
莉緒,りお,rio
裕司,ゆうじ,yuuji
さやか,さやか,sayaka
璃子,りこ,riko
勇一,ゆういち,yuuichi
人志,ひとし,hitoshi
雅彦,まさひこ,masahiko
夏希,なつき,natsuki
真一,しんいち,shinichi
彩華,あやか,ayaka
満,みつる,mitsuru
恵望子,えみこ,emiko
希,のぞみ,nozomi
礼子,れいこ,reiko
あさみ,あさみ,asami
淳,あつし,atsushi
利夫,としお,toshio
奈月,なつき,natsuki
真希,まき,maki
麗奈,れな,rena
薫,かおる,kaoru
寛,ひろし,hiroshi
淳,あつし,atsushi
瞳,ひとみ,hitomi
さやか,さやか,sayaka
恵子,けいこ,keiko
ひろみ,ひろみ,hiromi
茜,あかね,akane
未華子,みかこ,mikako
薫,かおる,kaoru
真一,しんいち,shinichi
彩華,あやか,ayaka
俊介,しゅんすけ,shunsuke
恵麻,えま,ema
徹平,てっぺい,teppei
竜次,りゅうじ,ryuuji
奈央,なお,nao
窈,よう,you
照生,てるお,teruo
敏和,としかず,toshikazu
未華子,みかこ,mikako
サンタマリア,さんたまりあ,stmaria
佳乃,よしの,yoshino
育子,いくこ,ikuko
薫,かおる,kaoru
敦,あつし,atsushi
直人,なおと,naoto
優,ゆう,yuu
徹,とおる,tooru
さやか,さやか,sayaka
雅彦,まさひこ,masahiko
和之,かずゆき,kazuyuki
桃子,ももこ,momoko
優,ゆう,yuu
恵望子,えみこ,emiko
崇史,たかし,takashi
裕次郎,ゆうじろう,yuujirou
まひる,まひる,mahiru
優,ゆう,yuu
涼子,りょうこ,ryouko
豊,ゆたか,yutaka
美幸,みゆき,miyuki
麗奈,れな,rena
正敏,まさとし,masatoshi
璃奈子,りなこ,rinako
育二,いくじ,ikuji
まさみ,まさみ,masami
裕司,ゆうじ,yuuji
杏,あん,ann
美優,みゅう,myuu
路子,みちこ,michiko
彩華,あやか,ayaka
まみ,まみ,mami
基祐,きすけ,kisuke
貴美子,きみこ,kimiko
康文,やすふみ,yasufumi
美帆,みほ,miho
南朋,なお,nao
一樹,かずき,kazuki
惇,あつし,atsushi
なぎさ,なぎさ,nagisa
さやか,さやか,sayaka
直人,なおと,naoto
亜希,あき,aki
誠治,せいじ,seiji
禄郎,ろくろう,rokurou
博之,ひろゆき,hiroyuki
美里,みり,miri
恵望子,えみこ,emiko
三省,さんせい,sansei
くるみ,くるみ,kurumi
優一,ゆういち,yuuichi
はじめ,はじめ,hajime
慎之介,しんのすけ,shinnosuke
淳,あつし,atsushi
綾女,あやめ,ayame
夏希,なつき,natsuki
涼子,りょうこ,ryouko
賢二,けんじ,kenji
竜也,たつや,tatsuya
雅之,まさゆき,masayuki
聡,さとし,satoshi
栄一,えいいち,eiichi
早紀,さき,saki1
雅功,まさとし,masatoshi
知世,ちせ,chise
涼子,りょうこ,ryouko
知史,ともふみ,tomofumi
竜次,りゅうじ,ryuuji
雅彦,まさひこ,masahiko
結衣,ゆい,yui
ケンイチ,けんいち,kenichi
敏和,としかず,toshikazu
優,ゆう,yuu
孝太郎,こうたろう,koutarou
宏,ひろし,hiroshi
愛梨,あいり,airi
さやか,さやか,sayaka
奈月,なつき,natsuki
耕司,こうじ,kouji
健,けん,ken
茜,あかね,akane
誠一,せいいち,seiichi
美佳,みか,mika
陽介,ようすけ,yousuke
真一,しんいち,shinichi
草太,そうた,souta
剛基,よしき,yoshiki
幸平,こうへい,kouhei
龍吉,りゅうきち,ryuukichi
昌代,まさよ,masayo
砂羽,さわ,sawa
三郎,さぶろう,saburou
優,ゆう,yuu1
綾女,あやめ,ayame
隼士,しゅんじ,shunji
達士,たつひと,tatsuhito
長利,ながとし,nagatoshi
知世,ちせ,chise
敏和,としかず,toshikazu
さやか,さやか,sayaka
光良,てるよし,teruyoshi
洋介,ようすけ,yousuke
サダヲ,さだお,sadawo
綾女,あやめ,ayame1
恵梨香,えりか,erika
勇介,ゆうすけ,yuusuke1
真吾,しんご,shingo
優,ゆう,yuu
恵梨香,えりか,erika
春樹,はるき,haruki
雅彦,まさひこ,masahiko
有海,あみ,ami
守,まもる,mamoru
早紀,さき,saki
勇,ゆう,yuu
菜摘,なつみ,natsumi
美佳,みか,mika
雅彦,まさひこ,masahiko
美紀,みき,miki
三郎,さぶろう,saburou
さとみ,さとみ,satomi
満,みつる,mitsuru
豊,ゆたか,yutaka
文世,ふみよ,fumiyo
美佳,みか,mika
草太,そうた,souta
なつみ,なつみ,natsumi
瞬,しゅん,shun
博之,ひろゆき,hiroyuki
景子,けいこ,keiko
遥,はるか,haruka
了,りょう,ryou
進,すすむ,susumu
光良,てるよし,teruyoshi
草太,そうた,souta
洋介,ようすけ,yousuke
碧海,おうが,ouga
研二,けんじ,kenji
充則,みつのり,mitsunori
誠一,せいいち,seiichi
まひる,まひる,mahiru
景子,けいこ,keiko
昌代,まさよ,masayo
裕司,ゆうじ,yuuji
くるみ,くるみ,kurumi
広之,ひろゆき,hiroyuki
朝香,あさか,asaka
真希,まき,maki
愛菜,あいな,aina
徹,とおる,tooru
りえ,りえ,rie
美里,みり,miri
隆之介,りゅうのすけ,ryuunosuke
未來,みらい,mirai
良介,りょうすけ,ryousuke
まさみ,まさみ,masami
奈央,なお,nao
はるか,はるか,haruka
誠治,せいじ,seiji
幸子,さちこ,sachiko
恵梨香,えりか,erika
長利,ながとし,nagatoshi
ケンイチ,けんいち,kenichi
明,あきら,akira1
季衣,としえ,toshie
鉄二,てつじ,tetsuji
陽子,ようこ,youko
真希,まき,maki
竜也,たつや,tatsuya
俊介,しゅんすけ,shunsuke
晴臣,はるおみ,haruomi
一,はじめ,hajime
誠一,せいいち,seiichi
小百合,さゆり,sayuri
崇史,たかし,takashi
さんま,さんま,sanma
寿々花,すずか,suzuka
有起哉,ゆきや,yukiya
広之,ひろゆき,hiroyuki
隼士,しゅんじ,shunji
和之,かずゆき,kazuyuki
勝久,かつひさ,katsuhisa
なぎさ,なぎさ,nagisa
敏也,としや,toshiya
寛治,かんじ,kanji
人志,ひとし,hitoshi
はるみ,はるみ,harumi
慢太郎,まんたろう,mantarou
莉沙,りさ,risa
愛菜,あいな,aina
みゆき,みゆき,miyuki
たかお,たかお,takao
咲,さき,saki
ヒロ,ひろ,hiro
和久,かずひさ,kazuhisa
南朋,なお,nao
桃子,ももこ,momoko
愛,あい,ai
遥,はるか,haruka
愛菜,あいな,aina
礼子,れいこ,reiko
たかお,たかお,takao
明宏,あきひろ,akihiro
彩華,あやか,ayaka
恭子,きょうこ,kyouko
しぼり,しぼり,shibori
詩織,しおり,shiori
なつみ,なつみ,natsumi
倫子,のりこ,noriko
涼子,りょうこ,ryouko
努,つとむ,tsutomu
勝久,かつひさ,katsuhisa
利夫,としお,toshio
さんま,さんま,sanma1
杏,あん,ann
守,まもる,mamoru
あや子,あやこ,ayako
涼,りょう,ryou
咲,さき,saki
妃里,ゆり,yuri
建,けん,ken
美月,みづき,miduki
昌代,まさよ,masayo
里奈,りな,rina
ひろみ,ひろみ,hiromi
公顕,きみあき,kimiaki
薫,かおる,kaoru
恵梨香,えりか,erika
幸子,さちこ,sachiko
裕次郎,ゆうじろう,yuujirou
圭,けい,kei
しぼり,しぼり,shibori
季衣,としえ,toshie
芳正,よしまさ,yoshimasa
奈央,なお,nao
薫,かおる,kaoru
陽子,ようこ,youko
まさみ,まさみ,masami
奈央,なお,nao
秀樹,ひでき,hideki
芳正,よしまさ,yoshimasa
サンタマリア,さんたまりあ,stmaria
敦,あつし,atsushi
ヒロ,ひろ,hiro
窈,よう,you
奈月,なつき,natsuki
一恵,かづえ,kadue
みき,みき,miki
有起哉,ゆきや,yukiya
くるみ,くるみ,kurumi
雅彦,まさひこ,masahiko
なぎさ,なぎさ,nagisa
人志,ひとし,hitoshi
幸子,さちこ,sachiko
功補,こうすけ,kousuke
芳正,よしまさ,yoshimasa
雅之,まさゆき,masayuki
弘也,ひろなり,hironari
しぼり,しぼり,shibori
真奈美,まなみ,manami
達士,たつひと,tatsuhito
あい,あい,ai
砂羽,さわ,sawa
まさみ,まさみ,masami
あい,あい,ai
ちえみ,ちえみ,chiemi
隆太,りゅうた,ryuuta
公顕,きみあき,kimiaki
景子,けいこ,keiko
ヒロ,ひろ,hiro
美佐子,みさこ,misako
友香,ともか,tomoka
秀隆,ひでたか,hidetaka
愛梨,あいり,airi
雅彦,まさひこ,masahiko
寛治,かんじ,kanji
洋介,ようすけ,yousuke
裕次郎,ゆうじろう,yuujirou
あおい,あおい,aoi
信吾,しんご,shingo
結子,ゆうこ,yuuko
ちえみ,ちえみ,chiemi
満,みつる,mitsuru
彩,あや,aya
進,すすむ,susumu
真希,まき,maki
みあ,みあ,mia
菜摘,なつみ,natsumi
奈々,なな,nana
そら,そら,sora
璃奈子,りなこ,rinako
真悠子,まゆこ,mayuko
サンタマリア,さんたまりあ,stmaria
美帆,みほ,miho
未來,みらい,mirai
まひる,まひる,mahiru
瑠璃亜,るりあ,ruria
杏,あん,ann
俊二,しゅんじ,shunji
兼,けん,ken
佑,たすく,tasuku
将也,まさや,masaya
花,はな,hana
莉沙,りさ,risa
獅童,しどう,shidou
慶二,けいじ,keiji
窈,よう,you
遥,はるか,haruka
栄一,えいいち,eiichi
瞬,しゅん,shun
雄太,ゆうた,yuuta
一恵,かづえ,kadue
翔子,しょうこ,shouko
寛治,かんじ,kanji
亮介,りょうすけ,ryousuke
孝太郎,こうたろう,koutarou
かおり,かおり,kaori
美紀,みき,miki
美菜,みな,mina
くるみ,くるみ,kurumi
光洋,みつひろ,mitsuhiro
サダヲ,さだお,sadawo
菜々美,ななみ,nanami
涼,りょう,ryou
明慶,あきよし,akiyoshi
秀樹,ひでき,hideki
裕司,ゆうじ,yuuji
竜也,たつや,tatsuya
愛菜,あいな,aina
なつみ,なつみ,natsumi
兼,けん,ken
未來,みらい,mirai
明宏,あきひろ,akihiro
正義,まさよし,masayoshi
将也,まさや,masaya
ちえみ,ちえみ,chiemi
光洋,みつひろ,mitsuhiro
努,つとむ,tsutomu
薫,かおる,kaoru
佑,たすく,tasuku
育二,いくじ,ikuji
美和子,みわこ,miwako
正義,まさよし,masayoshi
綾,あや,aya
ヒロ,ひろ,hiro
大樹,ひろき,hiroki
大五郎,だいごろう,daigorou
勇太,ゆうた,yuuta
美優,みゅう,myuu
勇介,ゆうすけ,yuusuke
寛治,かんじ,kanji
由宇,ゆう,yuu
美佐子,みさこ,misako
愛,あい,ai
玲那,れな,rena
那奈,なな,nana
勝久,かつひさ,katsuhisa
満,みつる,mitsuru
美佳,みか,mika
あや子,あやこ,ayako
花,はな,hana
れいな,れいな,reina
友香,ともか,tomoka
知世,ちせ,chise
杏,あん,ann
隆之介,りゅうのすけ,ryuunosuke
璃奈子,りなこ,rinako
薫,かおる,kaoru
紗季,さき,saki
和香,わか,waka
杏,あん,ann
ジョージ,じょーじ,george
あおい,あおい,aoi
愛菜,あいな,aina
染五郎,そめごろう,somegorou
菜々美,ななみ,nanami
長利,ながとし,nagatoshi
洋介,ようすけ,yousuke
春樹,はるき,haruki
由美子,ゆみこ,yumiko
芳正,よしまさ,yoshimasa
奈央,なお,nao
ノブヒコ,のぶひこ,nobuhiko
夏希,なつき,natsuki
裕次郎,ゆうじろう,yuujirou
進,すすむ,susumu
薫,かおる,kaoru
めぐみ,めぐみ,megumi
由宇,ゆう,yuu
隼士,しゅんじ,shunji1
勇介,ゆうすけ,yuusuke
サダヲ,さだお,sadawo
洋,よう,you
浩正,ひろまさ,hiromasa
勇太,ゆうた,yuuta
早織,さおり,saori
理紗,りさ,risa
徹平,てっぺい,teppei
有起哉,ゆきや,yukiya
里奈,りな,rina
竜次,りゅうじ,ryuuji
晴臣,はるおみ,haruomi
友也,ともや,tomoya
知世,ちせ,chise
郁恵,いくえ,ikue
結衣,ゆい,yui
さやか,さやか,sayaka
ちえみ,ちえみ,chiemi
あき,あき,aki
美幸,みゆき,miyuki
大樹,ひろき,hiroki
たかお,たかお,takao
豊,ゆたか,yutaka
希,のぞみ,nozomi
晴臣,はるおみ,haruomi
光臣,みつおみ,mitsuomi
貴美子,きみこ,kimiko
一樹,かずき,kazuki
たまき,たまき,tamaki
はるか,はるか,haruka
希,のぞみ,nozomi
愛子,あいこ,aiko
サンタマリア,さんたまりあ,stmaria
結子,ゆうこ,yuuko
惇,あつし,atsushi
瞳,ひとみ,hitomi
完爾,かんじ,kanji
裕次郎,ゆうじろう,yuujirou
美優,みゅう,myuu
優,ゆう,yuu
しぼり,しぼり,shibori
さやか,さやか,sayaka
しぼり,しぼり,shibori
知世,ちせ,chise
さんま,さんま,sanma
一輝,かずき,kazuki
高史,たかし,takashi
涼,りょう,ryou
守,まもる,mamoru
京子,きょうこ,kyouko
愛,あい,ai
太朗,たろう,tarou
亮,りょう,ryou
美月,みづき,miduki
明日,めいび,meibi
満,みつる,mitsuru
洋介,ようすけ,yousuke
敦,あつし,atsushi
たかお,たかお,takao
兼,けん,ken
涼,りょう,ryou
愛,あい,ai
友香,ともか,tomoka
ひとみ,ひとみ,hitomi
明日,めいび,meibi
惇,じゅん,jun
茂樹,しげき,shigeki
里穂,りほ,riho
友以乃,ゆいの,yuino
愛菜,あいな,aina
大樹,ひろき,hiroki
勤,つとむ,tsutomu
圭,けい,kei
優,ゆう,yuu
茂樹,しげき,shigeki
昌代,まさよ,masayo
竜也,たつや,tatsuya
愛菜,あいな,aina
千佳子,ちかこ,chikako
あき,あき,aki1
詩織,しおり,shiori
美帆,みほ,miho
花,はな,hana
宏行,ひろゆき,hiroyuki
翔,しょう,shou
綾,あや,aya
充則,みつのり,mitsunori
ちえみ,ちえみ,chiemi
ケンイチ,けんいち,kenichi
雅彦,まさひこ,masahiko
麗奈,れな,rena
博明,ひろあき,hiroaki
しぼり,しぼり,shibori
美月,みづき,miduki
亮介,りょうすけ,ryousuke
裕司,ゆうじ,yuuji
景子,けいこ,keiko
芳正,よしまさ,yoshimasa
友香,ともか,tomoka
夏空,そら,sora
大,まさる,masaru
英嗣,ひでつぐ,hidetsugu
幸子,さちこ,sachiko
めぐみ,めぐみ,megumi
正敏,まさとし,masatoshi
勇一,ゆういち,yuuichi
雄太,ゆうた,yuuta
慶太,けいた,keita
かおり,かおり,kaori
遥,はるか,haruka
小雁,こがん,kogan
季衣,としえ,toshie
光臣,みつおみ,mitsuomi
未來,みらい,mirai
あや子,あやこ,ayako
美月,みづき,miduki
栄一,えいいち,eiichi
景子,けいこ,keiko
達士,たつひと,tatsuhito
陽子,ようこ,youko
あき,あき,aki
圭,けい,kei
崇史,たかし,takashi
メイサ,めいさ,meisa
照生,てるお,teruo
あおい,あおい,aoi
崇史,たかし,takashi
和香,わか,waka
洋介,ようすけ,yousuke
未來,みらい,mirai
麗奈,れな,rena
直人,なおと,naoto
優,ゆう,yuu
照生,てるお,teruo
恵梨香,えりか,erika
雅彦,まさひこ,masahiko
郁恵,いくえ,ikue
きみまろ,きみまろ,kimimaro
季衣,としえ,toshie
まさみ,まさみ,masami
右京,うきょう,ukyou
妃里,ゆり,yuri
朝香,あさか,asaka
浩介,こうすけ,kousuke
優,ゆう,yuu
朝陽,あさひ,asahi
陽子,ようこ,youko
愛梨,あいり,airi
亜希,あき,aki
博之,ひろゆき,hiroyuki
浩正,ひろまさ,hiromasa
公顕,きみあき,kimiaki
綾女,あやめ,ayame
愛梨,あいり,airi
聡,さとし,satoshi
豊,ゆたか,yutaka
耕司,こうじ,kouji
秀隆,ひでたか,hidetaka
真一,しんいち,shinichi
六郎,ろくろう,rokurou
一徳,いっとく,ittoku
明慶,あきよし,akiyoshi
なぎさ,なぎさ,nagisa
美嘉,みか,mika
愛,あい,ai
浩正,ひろまさ,hiromasa
貴嶺,たかね,takane
右京,うきょう,ukyou
勤,つとむ,tsutomu
なぎさ,なぎさ,nagisa
光洋,みつひろ,mitsuhiro
花,はな,hana
麻緒,まお,mao
恵子,けいこ,keiko
由樹,ゆき,yuki
ひとり,ひとり,hitori
景子,けいこ,keiko
亜希,あき,aki
禄郎,ろくろう,rokurou
涼,りょう,ryou1
華子,はなこ,hanako
ケンイチ,けんいち,kenichi
美佐子,みさこ,misako
由宇,ゆう,yuu
草太,そうた,souta
勇,ゆう,yuu
瑠璃亜,るりあ,ruria
良介,りょうすけ,ryousuke
ひとみ,ひとみ,hitomi
一,はじめ,hajime
希,のぞみ,nozomi
さとみ,さとみ,satomi
勤,つとむ,tsutomu
翔太,しょうた,shouta
佑,たすく,tasuku
翔子,しょうこ,shouko
直人,なおと,naoto
誠一,せいいち,seiichi
千佳子,ちかこ,chikako
努,つとむ,tsutomu
浩太郎,こうたろう,koutarou
了,りょう,ryou
勤,つとむ,tsutomu
広司,こうじ,kouji
詩織,しおり,shiori
雅彦,まさひこ,masahiko
栄一,えいいち,eiichi
大,まさる,masaru
翔太,しょうた,shouta
綾,あや,aya
美幸,みゆき,miyuki
美優,みゅう,myuu
夏希,なつき,natsuki
隆,たかし,takashi
小雁,こがん,kogan
沙耶,さや,saya
寿明,としあき,toshiaki
恵梨香,えりか,erika
友也,ともや,tomoya
里穂,りほ,riho
丈雄,たけお,takeo
有海,あみ,ami
聖陽,まさあき,masaaki
ヒカル,ひかる,hikaru
高史,たかし,takashi
光,ひかる,hikaru
だん吉,だんきち,dankichi
倫子,のりこ,noriko
誠一,せいいち,seiichi
一徳,いっとく,ittoku
賢治,けんじ,kenji
怜奈,れいな,reina
菊生,きくお,kikuo
夏空,そら,sora
照生,てるお,teruo
美希,みき,miki
涼,りょう,ryou
丈史,たけし,takeshi
優,ゆう,yuu
あさみ,あさみ,asami
茜,あかね,akane
知世,ちせ,chise
信吾,しんご,shingo
誠一,せいいち,seiichi
友香,ともか,tomoka
たまき,たまき,tamaki
あおい,あおい,aoi
まみ,まみ,mami
莉沙,りさ,risa
扶樹,もとき,motoki
礼子,れいこ,reiko
結衣,ゆい,yui
美咲,みさき,misaki
あき,あき,aki
俊介,しゅんすけ,shunsuke
寿々花,すずか,suzuka
かおり,かおり,kaori
薫,かおる,kaoru
里穂,りほ,riho
豊,ゆたか,yutaka
莉沙,りさ,risa
高史,たかし,takashi
薫,かおる,kaoru
さんま,さんま,sanma
薫,かおる,kaoru
ひろ子,ひろこ,hiroko
丈雄,たけお,takeo
里穂,りほ,riho
薫,かおる,kaoru
俊二,しゅんじ,shunji
早紀,さき,saki
勇介,ゆうすけ,yuusuke
由宇,ゆう,yuu
新太,あらた,arata
由宇,ゆう,yuu
まさし,まさし,masashi
たまき,たまき,tamaki
なぎさ,なぎさ,nagisa
由美子,ゆみこ,yumiko
しぼり,しぼり,shibori
桃子,ももこ,momoko
正義,まさよし,masayoshi
知史,ともふみ,tomofumi
桃子,ももこ,momoko
杏,あん,ann
陽子,ようこ,youko
ちえみ,ちえみ,chiemi
栄一,えいいち,eiichi
浩介,こうすけ,kousuke
敦,あつし,atsushi
ひかり,ひかり,hikari
千佳子,ちかこ,chikako
ひかり,ひかり,hikari
薫,かおる,kaoru
沙知絵,さちえ,sachie
雅功,まさとし,masatoshi
恵子,けいこ,keiko
浩介,こうすけ,kousuke
ケンイチ,けんいち,kenichi
孝太郎,こうたろう,koutarou
大樹,ひろき,hiroki
浩正,ひろまさ,hiromasa
千佳子,ちかこ,chikako
一徳,いっとく,ittoku
花緑,かろく,karoku
惇,あつし,atsushi
六郎,ろくろう,rokurou
新太,あらた,arata
優,ゆう,yuu
丈雄,たけお,takeo
悟志,さとし,satoshi
あい,あい,ai
祐基,ゆうき,yuuki
たまき,たまき,tamaki
美嘉,みか,mika
早織,さおり,saori
洋介,ようすけ,yousuke
友以乃,ゆいの,yuino
涼,りょう,ryou
裕次郎,ゆうじろう,yuujirou
洋,よう,you
あい,あい,ai1
愛,あい,ai
昴,すばる,subaru
ヒロ,ひろ,hiro
有起哉,ゆきや,yukiya
祐基,ゆうき,yuuki
えみ,えみ,emi
遥,はるか,haruka
博明,ひろあき,hiroaki
長利,ながとし,nagatoshi
綾女,あやめ,ayame
美里,みり,miri
怜奈,れいな,reina
芽以,めい,mei
芽以,めい,mei
知世,ちせ,chise
ひろみ,ひろみ,hiromi
慶二,けいじ,keiji
由美子,ゆみこ,yumiko
朝陽,あさひ,asahi
ノブヒコ,のぶひこ,nobuhiko
花,はな,hana
碧海,おうが,ouga
耕司,こうじ,kouji
努,つとむ,tsutomu
あい,あい,ai
淳,あつし,atsushi
慶太,けいた,keita
六郎,ろくろう,rokurou
愛菜,あいな,aina
みき,みき,miki
まさみ,まさみ,masami
完爾,かんじ,kanji
充則,みつのり,mitsunori
淳,あつし,atsushi
明,あきら,akira
千佳子,ちかこ,chikako
建,けん,ken
そら,そら,sora
博之,ひろゆき,hiroyuki
恵梨香,えりか,erika
剛基,よしき,yoshiki
勇,ゆう,yuu
翔子,しょうこ,shouko
建,けん,ken
だん吉,だんきち,dankichi
まさみ,まさみ,masami
茂樹,しげき,shigeki
妃里,ゆり,yuri
将也,まさや,masaya
昴,すばる,subaru
涼,りょう,ryou
勝久,かつひさ,katsuhisa
エリカ,えりか,erika
洋,よう,you
奈々,なな,nana
雅之,まさゆき,masayuki
浩正,ひろまさ,hiromasa
蒼甫,そうすけ,sousuke
大,まさる,masaru
亮介,りょうすけ,ryousuke
惇,あつし,atsushi
幸平,こうへい,kouhei
ヒカル,ひかる,hikaru
礼子,れいこ,reiko
希,のぞみ,nozomi
貴美子,きみこ,kimiko
瞳,ひとみ,hitomi
健,けん,ken
明宏,あきひろ,akihiro
利夫,としお,toshio
昴,すばる,subaru
洋介,ようすけ,yousuke
仁,じん,jin
莉沙,りさ,risa
雅之,まさゆき,masayuki
徹平,てっぺい,teppei
美月,みづき,miduki
了,りょう,ryou
まなみ,まなみ,manami
璃子,りこ,riko
由美子,ゆみこ,yumiko
憲史,のりひと,norihito
真帆,まほ,maho
洋介,ようすけ,yousuke
景子,けいこ,keiko
咲,さき,saki
有海,あみ,ami
慶二,けいじ,keiji
栄一,えいいち,eiichi
ちえみ,ちえみ,chiemi
麻緒,まお,mao
美佳,みか,mika
はじめ,はじめ,hajime
結子,ゆうこ,yuuko
了,りょう,ryou
結衣,ゆい,yui
理紗,りさ,risa
ひろみ,ひろみ,hiromi
美佐子,みさこ,misako
隼士,しゅんじ,shunji
花緑,かろく,karoku
一樹,かずき,kazuki
ヒロ,ひろ,hiro1
愛,あい,ai
礼子,れいこ,reiko
優一,ゆういち,yuuichi
コウ,こう,kou
直人,なおと,naoto
里穂,りほ,riho
啓介,けいすけ,keisuke
敏也,としや,toshiya
隆太,りゅうた,ryuuta
倫子,のりこ,noriko
奈月,なつき,natsuki
美佐,みさ,misa
真悠子,まゆこ,mayuko
誠一,せいいち,seiichi
蒼甫,そうすけ,sousuke
光,ひかる,hikaru
そら,そら,sora
一代,かずよ,kazuyo
真悠子,まゆこ,mayuko
健,けん,ken
真帆,まほ,maho
遥,はるか,haruka
雄太,ゆうた,yuuta
美佳,みか,mika
幸子,さちこ,sachiko
由宇,ゆう,yuu
龍吉,りゅうきち,ryuukichi
未來,みらい,mirai
亜希,あき,aki
ヒロ,ひろ,hiro
砂羽,さわ,sawa
りえ,りえ,rie
恭子,きょうこ,kyouko
由美子,ゆみこ,yumiko
寿明,としあき,toshiaki
朝香,あさか,asaka
寛治,かんじ,kanji
早織,さおり,saori
美菜,みな,mina
祐一,ゆういち,yuuichi
丈雄,たけお,takeo
ちえみ,ちえみ,chiemi
そら,そら,sora
将也,まさや,masaya
メイサ,めいさ,meisa
早紀,さき,saki
さやか,さやか,sayaka
由樹,ゆき,yuki
薫,かおる,kaoru
陽子,ようこ,youko
俊二,しゅんじ,shunji
育二,いくじ,ikuji
千夏,ちなつ,chinatsu
莉沙,りさ,risa
有海,あみ,ami
窈,よう,you
昌代,まさよ,masayo
真悠子,まゆこ,mayuko
みゆき,みゆき,miyuki
美希,みき,miki
了,りょう,ryou
郁恵,いくえ,ikue
愛菜,あいな,aina
早紀,さき,saki
高史,たかし,takashi
美佐子,みさこ,misako
誠治,せいじ,seiji
真一,しんいち,shinichi
薫,かおる,kaoru
淳子,あつこ,atsuko
浩介,こうすけ,kousuke
丈雄,たけお,takeo
新太,あらた,arata
美菜,みな,mina
禄郎,ろくろう,rokurou
詩織,しおり,shiori
恵梨香,えりか,erika
ヒロ,ひろ,hiro
丈史,たけし,takeshi
徹,とおる,tooru
なつみ,なつみ,natsumi
ジョージ,じょーじ,george
光博,みつひろ,mitsuhiro
祐基,ゆうき,yuuki
獅童,しどう,shidou
光洋,みつひろ,mitsuhiro
隼士,しゅんじ,shunji
鉄洋,てつひろ,tetsuhiro
圭,けい,kei
賢治,けんじ,kenji1
美帆,みほ,miho
明宏,あきひろ,akihiro
育子,いくこ,ikuko
路子,みちこ,michiko
亮,りょう,ryou
亮,りょう,ryou
新太,あらた,arata
浩正,ひろまさ,hiromasa
蒼甫,そうすけ,sousuke
菜摘,なつみ,natsumi
まひる,まひる,mahiru
茂樹,しげき,shigeki
亮介,りょうすけ,ryousuke
芽以,めい,mei
満,みつる,mitsuru
だん吉,だんきち,dankichi
友也,ともや,tomoya
勤,つとむ,tsutomu
エリカ,えりか,erika
照生,てるお,teruo
惇,あつし,atsushi
ケンイチ,けんいち,kenichi
慶太,けいた,keita
那奈,なな,nana
真希,まき,maki
たかお,たかお,takao
輝信,あきのぶ,akinobu
満,みつる,mitsuru
寿明,としあき,toshiaki
隼士,しゅんじ,shunji
たかお,たかお,takao
獅童,しどう,shidou
陽子,ようこ,youko
基祐,きすけ,kisuke
充則,みつのり,mitsunori
完爾,かんじ,kanji
恵梨香,えりか,erika
一哉,かずや,kazuya
里穂,りほ,riho
芳正,よしまさ,yoshimasa
大五郎,だいごろう,daigorou
真帆,まほ,maho
美幸,みゆき,miyuki
麻緒,まお,mao
直人,なおと,naoto
菊生,きくお,kikuo
麻緒,まお,mao
愛,あい,ai
守,まもる,mamoru
克実,かつみ,katsumi
まみ,まみ,mami
利夫,としお,toshio
雅彦,まさひこ,masahiko
圭,けい,kei
六郎,ろくろう,rokurou
真帆,まほ,maho
博之,ひろゆき,hiroyuki
涼子,りょうこ,ryouko
薫,かおる,kaoru
惇,じゅん,jun
聡,さとし,satoshi
一恵,かづえ,kadue
仁晶,ひろあき,hiroaki
敏也,としや,toshiya
将也,まさや,masaya
大,まさる,masaru
仁晶,ひろあき,hiroaki
直人,なおと,naoto
知世,ちせ,chise
育二,いくじ,ikuji
亮,りょう,ryou
かおり,かおり,kaori
さんま,さんま,sanma
竜也,たつや,tatsuya
栄一,えいいち,eiichi
勤,つとむ,tsutomu
あき,あき,aki
寛治,かんじ,kanji
路子,みちこ,michiko
淳,あつし,atsushi
愛,あい,ai
茂樹,しげき,shigeki
寿明,としあき,toshiaki
翔,しょう,shou
雅之,まさゆき,masayuki
丈雄,たけお,takeo
京子,きょうこ,kyouko
基祐,きすけ,kisuke
景子,けいこ,keiko
聖陽,まさあき,masaaki
慶太,けいた,keita
真帆,まほ,maho
誠治,せいじ,seiji
佳乃,よしの,yoshino
ひとり,ひとり,hitori
真一,しんいち,shinichi
敏和,としかず,toshikazu
杏,あん,ann
美嘉,みか,mika
あい,あい,ai
沙耶,さや,saya
ノブヒコ,のぶひこ,nobuhiko
真奈美,まなみ,manami
愛子,あいこ,aiko
めぐみ,めぐみ,megumi
美幸,みゆき,miyuki
晃司,こうじ,kouji
さとみ,さとみ,satomi
優,ゆう,yuu
俊二,しゅんじ,shunji
瑠璃亜,るりあ,ruria
聖陽,まさあき,masaaki
丈史,たけし,takeshi
奈央,なお,nao
美帆,みほ,miho
華子,はなこ,hanako
路子,みちこ,michiko
はるみ,はるみ,harumi
優,ゆう,yuu
勤,つとむ,tsutomu
勇,ゆう,yuu
めぐみ,めぐみ,megumi
幸子,さちこ,sachiko
未華子,みかこ,mikako
みあ,みあ,mia
愛梨,あいり,airi1
賢治,けんじ,kenji
沙知絵,さちえ,sachie
信吾,しんご,shingo
圭,けい,kei
幸平,こうへい,kouhei
明,あきら,akira
聡,さとし,satoshi
信吾,しんご,shingo
利夫,としお,toshio
砂羽,さわ,sawa
竜也,たつや,tatsuya
花緑,かろく,karoku
真一,しんいち,shinichi
雅彦,まさひこ,masahiko
慶二,けいじ,keiji
まなみ,まなみ,manami
まさみ,まさみ,masami
俊二,しゅんじ,shunji
春樹,はるき,haruki
一樹,かずき,kazuki
雅功,まさとし,masatoshi
ジローラモ,じろーらも,girolamo
洋,よう,you
直人,なおと,naoto
千夏,ちなつ,chinatsu
雅之,まさゆき,masayuki
美嘉,みか,mika
彩,あや,aya
結子,ゆうこ,yuuko
充則,みつのり,mitsunori
恵望子,えみこ,emiko
亮,りょう,ryou
敦,あつし,atsushi
恭子,きょうこ,kyouko
洋介,ようすけ,yousuke
丈雄,たけお,takeo
七世,ななせ,nanase
賢二,けんじ,kenji
まさし,まさし,masashi
雅之,まさゆき,masayuki
未來,みらい,mirai
雅之,まさゆき,masayuki
広司,こうじ,kouji
直人,なおと,naoto
翔太,しょうた,shouta
結子,ゆうこ,yuuko
雅彦,まさひこ,masahiko
勇,ゆう,yuu
真一,しんいち,shinichi
麗奈,れな,rena
はるか,はるか,haruka
三省,さんせい,sansei
恵望子,えみこ,emiko
隆太,りゅうた,ryuuta
浩介,こうすけ,kousuke
慶二,けいじ,keiji
優一,ゆういち,yuuichi
綾,あや,aya
秀樹,ひでき,hideki
千佳子,ちかこ,chikako
小百合,さゆり,sayuri
禄郎,ろくろう,rokurou
夏空,そら,sora
公顕,きみあき,kimiaki
光臣,みつおみ,mitsuomi
千佳子,ちかこ,chikako
なつみ,なつみ,natsumi
杏,あん,ann
薫,かおる,kaoru
京子,きょうこ,kyouko
徹,とおる,tooru
直人,なおと,naoto
結子,ゆうこ,yuuko
一樹,かずき,kazuki
みゆき,みゆき,miyuki
有海,あみ,ami
仁晶,ひろあき,hiroaki1
剛基,よしき,yoshiki
たまき,たまき,tamaki
恵梨香,えりか,erika1
あき,あき,aki
惇,じゅん,jun
遥,はるか,haruka
さやか,さやか,sayaka
莉沙,りさ,risa
剛基,よしき,yoshiki
明,あきら,akira
徹平,てっぺい,teppei
優,ゆう,yuu
れいな,れいな,reina
獅童,しどう,shidou
恵麻,えま,ema
大五郎,だいごろう,daigorou
孝太郎,こうたろう,koutarou
雅之,まさゆき,masayuki
翔子,しょうこ,shouko
優,ゆう,yuu
進,すすむ,susumu
サンタマリア,さんたまりあ,stmaria
裕司,ゆうじ,yuuji
勇一,ゆういち,yuuichi
仁,じん,jin1
信吾,しんご,shingo
ひとみ,ひとみ,hitomi
育子,いくこ,ikuko
ノブヒコ,のぶひこ,nobuhiko
雅之,まさゆき,masayuki
守,まもる,mamoru
勝久,かつひさ,katsuhisa
さんま,さんま,sanma
まなみ,まなみ,manami
良介,りょうすけ,ryousuke
路子,みちこ,michiko
一樹,かずき,kazuki
結衣,ゆい,yui
賢二,けんじ,kenji
兼,けん,ken
彩華,あやか,ayaka
公顕,きみあき,kimiaki
龍吉,りゅうきち,ryuukichi
美里,みり,miri
裕次郎,ゆうじろう,yuujirou
愛,あい,ai
麻由子,まゆこ,mayuko
遥,はるか,haruka
精児,せいじ,seiji
秀樹,ひでき,hideki
聖陽,まさあき,masaaki
浩太郎,こうたろう,koutarou
なつみ,なつみ,natsumi
景子,けいこ,keiko
たまき,たまき,tamaki
大,まさる,masaru
慢太郎,まんたろう,mantarou
裕次郎,ゆうじろう,yuujirou
美幸,みゆき,miyuki
花緑,かろく,karoku
洋介,ようすけ,yousuke
美希,みき,miki
碧海,おうが,ouga
祐基,ゆうき,yuuki
慢太郎,まんたろう,mantarou
扶樹,もとき,motoki
ヒロ,ひろ,hiro
雅彦,まさひこ,masahiko
育二,いくじ,ikuji
めぐみ,めぐみ,megumi
景子,けいこ,keiko
三郎,さぶろう,saburou
聡,さとし,satoshi1
雅彦,まさひこ,masahiko
明宏,あきひろ,akihiro
守,まもる,mamoru
悟志,さとし,satoshi
さやか,さやか,sayaka
佳乃,よしの,yoshino
友也,ともや,tomoya
奈月,なつき,natsuki
涼,りょう,ryou
瑠璃亜,るりあ,ruria
ジローラモ,じろーらも,girolamo
亮介,りょうすけ,ryousuke
まひる,まひる,mahiru
完爾,かんじ,kanji
まなみ,まなみ,manami
真奈美,まなみ,manami
太朗,たろう,tarou
敦,あつし,atsushi
明日,めいび,meibi
友也,ともや,tomoya
景子,けいこ,keiko
花,はな,hana
扶樹,もとき,motoki
路子,みちこ,michiko
まさし,まさし,masashi
陽介,ようすけ,yousuke
功補,こうすけ,kousuke
正義,まさよし,masayoshi
サンタマリア,さんたまりあ,stmaria
晃司,こうじ,kouji
ジローラモ,じろーらも,girolamo
涼,りょう,ryou
小百合,さゆり,sayuri
さゆり,さゆり,sayuri
仁晶,ひろあき,hiroaki
真一,しんいち,shinichi
明宏,あきひろ,akihiro
真希,まき,maki
窈,よう,you
亮,りょう,ryou
瞬,しゅん,shun
知世,ちせ,chise
淳,あつし,atsushi
光良,てるよし,teruyoshi
桃子,ももこ,momoko
明宏,あきひろ,akihiro
佳乃,よしの,yoshino1
晋也,しんや,shinya
六郎,ろくろう,rokurou
ジローラモ,じろーらも,girolamo
玲那,れな,rena
砂羽,さわ,sawa
徹,とおる,tohru
瞬,しゅん,shun
竜也,たつや,tatsuya
めぐみ,めぐみ,megumi
れいな,れいな,reina
和久,かずひさ,kazuhisa
礼子,れいこ,reiko
圭,けい,kei
美帆,みほ,miho
夏空,そら,sora
慶太,けいた,keita
璃子,りこ,riko
祐基,ゆうき,yuuki
寿明,としあき,toshiaki
将也,まさや,masaya
めぐみ,めぐみ,megumi
友香,ともか,tomoka
寛,ひろし,hiroshi
晴臣,はるおみ,haruomi
米蔵,よねぞう,yonezou
恵子,けいこ,keiko
宏行,ひろゆき,hiroyuki
花,はな,hana
窈,よう,you
勝久,かつひさ,katsuhisa
文世,ふみよ,fumiyo
綾,あや,aya
ヒロ,ひろ,hiro
明,あきら,akira1
仁晶,ひろあき,hiroaki
結衣,ゆい,yui
なぎさ,なぎさ,nagisa
窈,よう,you
友也,ともや,tomoya
玲那,れな,rena
祐基,ゆうき,yuuki
努,つとむ,tsutomu
さとみ,さとみ,satomi
菊生,きくお,kikuo
晴臣,はるおみ,haruomi
遥,はるか,haruka
慎之介,しんのすけ,shinnosuke
あさみ,あさみ,asami
貴嶺,たかね,takane
奈央,なお,nao
はるみ,はるみ,harumi
悟志,さとし,satoshi
まみ,まみ,mami
明,あきら,akira
竜也,たつや,tatsuya
千佳子,ちかこ,chikako
璃子,りこ,riko
恵麻,えま,ema
翔子,しょうこ,shouko
あき,あき,aki
みあ,みあ,mia
友以乃,ゆいの,yuino
仁,じん,jin
瑠璃亜,るりあ,ruria
染五郎,そめごろう,somegorou
豊,ゆたか,yutaka
裕次郎,ゆうじろう,yuujirou
恵梨香,えりか,erika
研二,けんじ,kenji
完爾,かんじ,kanji
たまき,たまき,tamaki
みき,みき,miki
沙知絵,さちえ,sachie
ヒロ,ひろ,hiro
愛子,あいこ,aiko
さとみ,さとみ,satomi
昌代,まさよ,masayo
広司,こうじ,kouji
奈々,なな,nana
麻由子,まゆこ,mayuko
弘也,ひろなり,hironari
小雁,こがん,kogan
勝久,かつひさ,katsuhisa
景子,けいこ,keiko
美希,みき,miki
咲,さき,saki
徹平,てっぺい,teppei
和香,わか,waka
浩介,こうすけ,kousuke
明,あきら,akira
メイサ,めいさ,meisa
精児,せいじ,seiji
貴美子,きみこ,kimiko
優,ゆう,yuu
薫,かおる,kaoru
たかお,たかお,takao
玲那,れな,rena
晋也,しんや,shinya
茂樹,しげき,shigeki
知史,ともふみ,tomofumi
七世,ななせ,nanase
サンタマリア,さんたまりあ,stmaria
剛基,よしき,yoshiki
めぐみ,めぐみ,megumi
美帆,みほ,miho
未來,みらい,mirai
敏和,としかず,toshikazu
健,けん,ken
ひかり,ひかり,hikari
慢太郎,まんたろう,mantarou
まさみ,まさみ,masami
礼子,れいこ,reiko
勇介,ゆうすけ,yuusuke
建,けん,ken
美智子,みちこ,michiko
兼,けん,ken
麻由子,まゆこ,mayuko
あや子,あやこ,ayako
裕司,ゆうじ,yuuji
恵望子,えみこ,emiko
知世,ちせ,chise
一徳,いっとく,ittoku
華子,はなこ,hanako
惇,あつし,atsushi
まさし,まさし,masashi
さやか,さやか,sayaka
さゆり,さゆり,sayuri
淳子,あつこ,atsuko
隼士,しゅんじ,shunji
隆之介,りゅうのすけ,ryuunosuke
一代,かずよ,kazuyo
啓介,けいすけ,keisuke
はじめ,はじめ,hajime
一哉,かずや,kazuya
みあ,みあ,mia
さんま,さんま,sanma
愛梨,あいり,airi
一樹,かずき,kazuki
米蔵,よねぞう,yonezou
怜奈,れいな,reina
愛,あい,ai
一恵,かづえ,kadue
淳,あつし,atsushi
めぐみ,めぐみ,megumi
春樹,はるき,haruki
はじめ,はじめ,hajime
太朗,たろう,tarou
あおい,あおい,aoi
瞬,しゅん,shun
コウ,こう,kou
美菜,みな,mina
耕司,こうじ,kouji
竜也,たつや,tatsuya
美月,みづき,miduki
健,けん,ken
惇,あつし,atsushi
早織,さおり,saori
慎之介,しんのすけ,shinnosuke
秀隆,ひでたか,hidetaka
拓郎,たくろう,takurou
彩,あや,aya
雅彦,まさひこ,masahiko
璃奈子,りなこ,rinako
蒼甫,そうすけ,sousuke
翔子,しょうこ,shouko
禄郎,ろくろう,rokurou
鉄洋,てつひろ,tetsuhiro
隼士,しゅんじ,shunji
俊二,しゅんじ,shunji
恵梨香,えりか,erika
徹,とおる,tohru
くるみ,くるみ,kurumi
寛治,かんじ,kanji
雅彦,まさひこ,masahiko
京子,きょうこ,kyouko
愛,あい,ai1
友也,ともや,tomoya
豊,ゆたか,yutaka
幸子,さちこ,sachiko
美咲,みさき,misaki
友也,ともや,tomoya1
礼子,れいこ,reiko
友也,ともや,tomoya
雅功,まさとし,masatoshi
建,けん,ken
広之,ひろゆき,hiroyuki
南朋,なお,nao
鉄洋,てつひろ,tetsuhiro
俊介,しゅんすけ,shunsuke
美幸,みゆき,miyuki
美月,みづき,miduki
扶樹,もとき,motoki
徹,とおる,tooru
フミヤ,ふみや,fumiya
智花,ともか,tomoka
六郎,ろくろう,rokurou
洋介,ようすけ,yousuke
涼,りょう,ryou
真奈美,まなみ,manami
寛,ひろし,hiroshi
夏希,なつき,natsuki
憲史,のりひと,norihito
扶樹,もとき,motoki
宏,ひろし,hiroshi
理紗,りさ,risa
鉄二,てつじ,tetsuji
京子,きょうこ,kyouko
寛治,かんじ,kanji1
人志,ひとし,hitoshi
美智子,みちこ,michiko
敏也,としや,toshiya
直人,なおと,naoto
ケンイチ,けんいち,kenichi
明慶,あきよし,akiyoshi
幸平,こうへい,kouhei
瞬,しゅん,shun
竜也,たつや,tatsuya
健,けん,ken
裕司,ゆうじ,yuuji
愛菜,あいな,aina
莉沙,りさ,risa
璃奈子,りなこ,rinako
遥,はるか,haruka1
愛梨,あいり,airi
哲平,てっぺい,teppei
麻緒,まお,mao
貴嶺,たかね,takane
浩正,ひろまさ,hiromasa
研二,けんじ,kenji
早紀,さき,saki
晴臣,はるおみ,haruomi
裕次郎,ゆうじろう,yuujirou
哲平,てっぺい,teppei
杏,あん,ann
みゆき,みゆき,miyuki
未來,みらい,mirai
咲,さき,saki
仁,じん,jin
賢二,けんじ,kenji
きみまろ,きみまろ,kimimaro
ノブヒコ,のぶひこ,nobuhiko
りえ,りえ,rie
美和子,みわこ,miwako
奈月,なつき,natsuki
詩織,しおり,shiori
由樹,ゆき,yuki
翔,しょう,shou
茂樹,しげき,shigeki
薫,かおる,kaoru
有起哉,ゆきや,yukiya
雅彦,まさひこ,masahiko
了,りょう,ryou
鉄二,てつじ,tetsuji
博明,ひろあき,hiroaki
そら,そら,sora
瞳,ひとみ,hitomi
浩太郎,こうたろう,koutarou
誠一,せいいち,seiichi
恵子,けいこ,keiko
まみ,まみ,mami
美智子,みちこ,michiko
朝香,あさか,asaka
徹,とおる,tohru
あさみ,あさみ,asami
由宇,ゆう,yuu
菜々美,ななみ,nanami
丈雄,たけお,takeo
隼士,しゅんじ,shunji
誠治,せいじ,seiji
恵美,めぐみ,megumi
大樹,ひろき,hiroki
希,のぞみ,nozomi
光良,てるよし,teruyoshi
茜,あかね,akane
光,ひかる,hikaru
ヒカル,ひかる,hikaru
奈央,なお,nao
季衣,としえ,toshie
正義,まさよし,masayoshi
恵麻,えま,ema
愛子,あいこ,aiko
長利,ながとし,nagatoshi
宏行,ひろゆき,hiroyuki
未來,みらい,mirai
宏,ひろし,hiroshi
孝太郎,こうたろう,koutarou
陽子,ようこ,youko
遥,はるか,haruka
陽子,ようこ,youko
雅彦,まさひこ,masahiko
樹里,じゅり,juri
サンタマリア,さんたまりあ,stmaria
杏,あん,ann
はるか,はるか,haruka
獅童,しどう,shidou
健,けん,ken
洋介,ようすけ,yousuke
雅之,まさゆき,masayuki
三郎,さぶろう,saburou
浩太郎,こうたろう,koutarou
まひる,まひる,mahiru
涼,りょう,ryou
美咲,みさき,misaki
はるか,はるか,haruka
知史,ともふみ,tomofumi
了,りょう,ryou
昴,すばる,subaru
徹,とおる,tooru
光,ひかる,hikaru
彩華,あやか,ayaka
莉沙,りさ,risa
正義,まさよし,masayoshi
翔子,しょうこ,shouko
真悠子,まゆこ,mayuko
有起哉,ゆきや,yukiya
翔太,しょうた,shouta
恵子,けいこ,keiko
光博,みつひろ,mitsuhiro
信輔,しんすけ,shinsuke
隆之介,りゅうのすけ,ryuunosuke
たかお,たかお,takao
彩,あや,aya
博明,ひろあき,hiroaki
花緑,かろく,karoku
友也,ともや,tomoya
優,ゆう,yuu
慶二,けいじ,keiji
啓介,けいすけ,keisuke
恵子,けいこ,keiko
育二,いくじ,ikuji
聡,さとし,satoshi
遥,はるか,haruka
礼子,れいこ,reiko
長利,ながとし,nagatoshi
夏空,そら,sora
一樹,かずき,kazuki
光,ひかる,hikaru
薫,かおる,kaoru
美佐,みさ,misa
みあ,みあ,mia
英嗣,ひでつぐ,hidetsugu
あき,あき,aki
桃子,ももこ,momoko
了,りょう,ryou
一代,かずよ,kazuyo
亮介,りょうすけ,ryousuke
だん吉,だんきち,dankichi
龍吉,りゅうきち,ryuukichi
美幸,みゆき,miyuki
景子,けいこ,keiko
和香,わか,waka
あおい,あおい,aoi
サダヲ,さだお,sadawo
雅功,まさとし,masatoshi
那奈,なな,nana
ジローラモ,じろーらも,girolamo
徹,とおる,tooru
ひろみ,ひろみ,hiromi
なぎさ,なぎさ,nagisa1
華子,はなこ,hanako
美幸,みゆき,miyuki
草太,そうた,souta
夏希,なつき,natsuki
麻由子,まゆこ,mayuko
妃里,ゆり,yuri
瞬,しゅん,shun
努,つとむ,tsutomu
希,のぞみ,nozomi
玲那,れな,rena
美佳,みか,mika
美優,みゅう,myuu
達士,たつひと,tatsuhito
一代,かずよ,kazuyo
将也,まさや,masaya
みき,みき,miki
あさみ,あさみ,asami
瑠璃亜,るりあ,ruria
進,すすむ,susumu
恵美,めぐみ,megumi
華子,はなこ,hanako
崇史,たかし,takashi
弘也,ひろなり,hironari
めぐみ,めぐみ,megumi
美佐,みさ,misa
祐一,ゆういち,yuuichi
麗奈,れな,rena
あおい,あおい,aoi
基祐,きすけ,kisuke
秀隆,ひでたか,hidetaka
涼,りょう,ryou
翔子,しょうこ,shouko
朝香,あさか,asaka
法子,のりこ,noriko
育子,いくこ,ikuko
恵梨香,えりか,erika
寛治,かんじ,kanji
結子,ゆうこ,yuuko
弘也,ひろなり,hironari
獅童,しどう,shidou
完爾,かんじ,kanji
優,ゆう,yuu1
涼,りょう,ryou
裕次郎,ゆうじろう,yuujirou
恵梨香,えりか,erika1
さやか,さやか,sayaka
広之,ひろゆき,hiroyuki
昴,すばる,subaru
あさみ,あさみ,asami
亮,りょう,ryou
ケンイチ,けんいち,kenichi
莉緒,りお,rio
さとみ,さとみ,satomi
茂樹,しげき,shigeki
勝久,かつひさ,katsuhisa
和之,かずゆき,kazuyuki
育子,いくこ,ikuko1
はるみ,はるみ,harumi
美紀,みき,miki
愛子,あいこ,aiko
莉沙,りさ,risa
綾,あや,aya
陽子,ようこ,youko
ひとみ,ひとみ,hitomi
たまき,たまき,tamaki
徹,とおる,tooru
きみまろ,きみまろ,kimimaro
美希,みき,miki
惇,あつし,atsushi
弘也,ひろなり,hironari
ヒカル,ひかる,hikaru
守,まもる,mamoru
長利,ながとし,nagatoshi
たかお,たかお,takao
剛基,よしき,yoshiki
太朗,たろう,tarou
明日,めいび,meibi
賢二,けんじ,kenji
雅彦,まさひこ,masahiko1
明,あきら,akira
浩介,こうすけ,kousuke
聡,さとし,satoshi
佳乃,よしの,yoshino
瞬,しゅん,shun
樹里,じゅり,juri
洋介,ようすけ,yousuke
だん吉,だんきち,dankichi
ジローラモ,じろーらも,girolamo
さとみ,さとみ,satomi
早紀,さき,saki
れいな,れいな,reina
咲,さき,saki
美里,みり,miri
菜々美,ななみ,nanami
守,まもる,mamoru
聡,さとし,satoshi
美幸,みゆき,miyuki
未來,みらい,mirai
佑,たすく,tasuku
真悠子,まゆこ,mayuko
寛治,かんじ,kanji
勤,つとむ,tsutomu
翔太,しょうた,shouta
栄一,えいいち,eiichi
さとみ,さとみ,satomi
はるみ,はるみ,harumi
京子,きょうこ,kyouko
文世,ふみよ,fumiyo
人志,ひとし,hitoshi
あさみ,あさみ,asami
豊,ゆたか,yutaka
達士,たつひと,tatsuhito
夏希,なつき,natsuki
美和子,みわこ,miwako
花緑,かろく,karoku
優,ゆう,yuu
美佳,みか,mika
さとみ,さとみ,satomi
はじめ,はじめ,hajime
慶太,けいた,keita
裕司,ゆうじ,yuuji
花緑,かろく,karoku
誠一,せいいち,seiichi
扶樹,もとき,motoki
徹,とおる,tooru
明慶,あきよし,akiyoshi
翔太,しょうた,shouta
弘也,ひろなり,hironari
幸平,こうへい,kouhei
小百合,さゆり,sayuri
徹,とおる,tooru
真悠子,まゆこ,mayuko
優,ゆう,yuu
竜次,りゅうじ,ryuuji
仁,じん,jin
哲平,てっぺい,teppei
聡,さとし,satoshi
敏和,としかず,toshikazu
祐一,ゆういち,yuuichi
菜々美,ななみ,nanami
まみ,まみ,mami
育二,いくじ,ikuji
あき,あき,aki
あさみ,あさみ,asami
光洋,みつひろ,mitsuhiro
あおい,あおい,aoi
優,ゆう,yuu
綾,あや,aya
寛治,かんじ,kanji1
美佐,みさ,misa
あき,あき,aki
雅功,まさとし,masatoshi
はるみ,はるみ,harumi
明日,めいび,meibi
鉄洋,てつひろ,tetsuhiro
なぎさ,なぎさ,nagisa
寿々花,すずか,suzuka
真吾,しんご,shingo
莉緒,りお,rio
淳,あつし,atsushi
宏,ひろし,hiroshi
莉央,りお,rio
怜奈,れいな,reina
恵梨香,えりか,erika
めぐみ,めぐみ,megumi
淳子,あつこ,atsuko
ひとみ,ひとみ,hitomi
憲史,のりひと,norihito
一輝,かずき,kazuki
瞳,ひとみ,hitomi
雅彦,まさひこ,masahiko
光,ひかる,hikaru
えみ,えみ,emi
美菜,みな,mina
隆博,たかひろ,takahiro
陽介,ようすけ,yousuke
美菜,みな,mina
幸平,こうへい,kouhei
華子,はなこ,hanako
憲史,のりひと,norihito
慶二,けいじ,keiji
知世,ちせ,chise
鉄二,てつじ,tetsuji
なぎさ,なぎさ,nagisa
敏和,としかず,toshikazu
涼,りょう,ryou1
和香,わか,waka
太朗,たろう,tarou
竜次,りゅうじ,ryuuji
徹,とおる,tooru
翔太,しょうた,shouta
雅彦,まさひこ,masahiko
鉄二,てつじ,tetsuji
知世,ちせ,chise
きみまろ,きみまろ,kimimaro
草太,そうた,souta
彩華,あやか,ayaka
基祐,きすけ,kisuke
丈史,たけし,takeshi
雅彦,まさひこ,masahiko
恵望子,えみこ,emiko
文世,ふみよ,fumiyo
勤,つとむ,tsutomu
美佐,みさ,misa
千夏,ちなつ,chinatsu
慢太郎,まんたろう,mantarou
長利,ながとし,nagatoshi
敦,あつし,atsushi
サダヲ,さだお,sadawo
早織,さおり,saori
憲史,のりひと,norihito
憲一,けんいち,kenichi
育子,いくこ,ikuko
仁,じん,jin
真悠子,まゆこ,mayuko
満,みつる,mitsuru
亜希,あき,aki
美和子,みわこ,miwako
里奈,りな,rina
礼子,れいこ,reiko
恵梨香,えりか,erika1
優,ゆう,yuu1
優,ゆう,yuu
文世,ふみよ,fumiyo
丈史,たけし,takeshi
有海,あみ,ami
恵梨香,えりか,erika
祐基,ゆうき,yuuki
亮,りょう,ryou
充則,みつのり,mitsunori
祐一,ゆういち,yuuichi
恵望子,えみこ,emiko
莉緒,りお,rio
光博,みつひろ,mitsuhiro
薫,かおる,kaoru
杏,あん,ann
恵麻,えま,ema
紗季,さき,saki
聡,さとし,satoshi
啓介,けいすけ,keisuke
達士,たつひと,tatsuhito
蒼甫,そうすけ,sousuke
惇,あつし,atsushi
利夫,としお,toshio
法嗣,ほうし,houshi
杏,あん,ann
恵梨香,えりか,erika
コウ,こう,kou
勝久,かつひさ,katsuhisa1
めぐみ,めぐみ,megumi
夏希,なつき,natsuki
鉄洋,てつひろ,tetsuhiro
知世,ちせ,chise
雅彦,まさひこ,masahiko
圭,けい,kei
マサカズ,まさかず,masakazu
美希,みき,miki
明慶,あきよし,akiyoshi
隆太,りゅうた,ryuuta
秀隆,ひでたか,hidetaka
夏希,なつき,natsuki
だん吉,だんきち,dankichi1
寿明,としあき,toshiaki
明,あきら,akira
希,のぞみ,nozomi
新太,あらた,arata
菊生,きくお,kikuo
はじめ,はじめ,hajime
涼,りょう,ryou1
広之,ひろゆき,hiroyuki
はるか,はるか,haruka
理紗,りさ,risa
一樹,かずき,kazuki
路子,みちこ,michiko
憲一,けんいち,kenichi
高史,たかし,takashi
まひる,まひる,mahiru
知世,ちせ,chise
寿明,としあき,toshiaki
フミヤ,ふみや,fumiya
めぐみ,めぐみ,megumi
三省,さんせい,sansei
そら,そら,sora
一代,かずよ,kazuyo
裕司,ゆうじ,yuuji
しほり,しほり,shihori
涼,りょう,ryou
理紗,りさ,risa
祐基,ゆうき,yuuki
直人,なおと,naoto
勝久,かつひさ,katsuhisa
菜々美,ななみ,nanami
ひろみ,ひろみ,hiromi
秀隆,ひでたか,hidetaka
文世,ふみよ,fumiyo
晋也,しんや,shinya
法子,のりこ,noriko
美紀,みき,miki
太朗,たろう,tarou
恭子,きょうこ,kyouko
健,けん,ken1
陽子,ようこ,youko
丈史,たけし,takeshi
一,はじめ,hajime
幸子,さちこ,sachiko
正敏,まさとし,masatoshi
努,つとむ,tsutomu
サンタマリア,さんたまりあ,stmaria
信輔,しんすけ,shinsuke
郁恵,いくえ,ikue
染五郎,そめごろう,somegorou
綾,あや,aya
恵麻,えま,ema
さゆり,さゆり,sayuri
美帆,みほ,miho
優,ゆう,yuu
玲那,れな,rena
哲平,てっぺい,teppei
知史,ともふみ,tomofumi
ひとり,ひとり,hitori
有海,あみ,ami
里穂,りほ,riho
雅之,まさゆき,masayuki
勇,ゆう,yuu
沙知絵,さちえ,sachie
光,ひかる,hikaru
綾女,あやめ,ayame
薫,かおる,kaoru
啓介,けいすけ,keisuke
恵美,めぐみ,megumi
春樹,はるき,haruki
雅之,まさゆき,masayuki
雅功,まさとし,masatoshi
美幸,みゆき,miyuki
悟志,さとし,satoshi
光臣,みつおみ,mitsuomi
蒼甫,そうすけ,sousuke
明,あきら,akira
友香,ともか,tomoka
秀隆,ひでたか,hidetaka
恵梨香,えりか,erika
えみ,えみ,emi
明,あきら,akira
はるみ,はるみ,harumi
ひろみ,ひろみ,hiromi
礼子,れいこ,reiko
隆博,たかひろ,takahiro
愛,あい,ai
文世,ふみよ,fumiyo
きみまろ,きみまろ,kimimaro
亮,りょう,ryou
栄一,えいいち,eiichi
憲一,けんいち,kenichi
千夏,ちなつ,chinatsu
麻由子,まゆこ,mayuko
努,つとむ,tsutomu
明慶,あきよし,akiyoshi
博之,ひろゆき,hiroyuki
公顕,きみあき,kimiaki
英嗣,ひでつぐ,hidetsugu
花緑,かろく,karoku
隼士,しゅんじ,shunji
由樹,ゆき,yuki
理紗,りさ,risa
莉沙,りさ,risa
遥,はるか,haruka
千佳子,ちかこ,chikako
しぼり,しぼり,shibori
璃奈子,りなこ,rinako
豊,ゆたか,yutaka
結子,ゆうこ,yuuko
努,つとむ,tsutomu
だん吉,だんきち,dankichi
育二,いくじ,ikuji
朝香,あさか,asaka
慢太郎,まんたろう,mantarou
明宏,あきひろ,akihiro
和香,わか,waka
了,りょう,ryou
麻緒,まお,mao
涼,りょう,ryou
浩介,こうすけ,kousuke
まなみ,まなみ,manami
友也,ともや,tomoya
朝陽,あさひ,asahi
かおり,かおり,kaori
璃奈子,りなこ,rinako
愛菜,あいな,aina
美菜,みな,mina
貴美子,きみこ,kimiko
美咲,みさき,misaki
一,はじめ,hajime
サンタマリア,さんたまりあ,stmaria
瑠璃亜,るりあ,ruria
季衣,としえ,toshie
あおい,あおい,aoi
めぐみ,めぐみ,megumi
勤,つとむ,tsutomu
朝陽,あさひ,asahi
仁,じん,jin
さとみ,さとみ,satomi
竜也,たつや,tatsuya
秀樹,ひでき,hideki
幸子,さちこ,sachiko
たかお,たかお,takao
真希,まき,maki
直人,なおと,naoto
誠治,せいじ,seiji
知史,ともふみ,tomofumi
一樹,かずき,kazuki
法子,のりこ,noriko
貴美子,きみこ,kimiko
育二,いくじ,ikuji
奈月,なつき,natsuki
光博,みつひろ,mitsuhiro
美佐子,みさこ,misako
まなみ,まなみ,manami
まさみ,まさみ,masami
聡,さとし,satoshi
碧海,おうが,ouga
知世,ちせ,chise
輝信,あきのぶ,akinobu
鉄洋,てつひろ,tetsuhiro
獅童,しどう,shidou
浩太郎,こうたろう,koutarou
竜也,たつや,tatsuya
花,はな,hana
あや子,あやこ,ayako
芽以,めい,mei
彩,あや,aya
良介,りょうすけ,ryousuke
綾女,あやめ,ayame
あや子,あやこ,ayako
友以乃,ゆいの,yuino
薫,かおる,kaoru
璃奈子,りなこ,rinako
聡,さとし,satoshi
光臣,みつおみ,mitsuomi
みゆき,みゆき,miyuki
敏也,としや,toshiya
フミヤ,ふみや,fumiya
光良,てるよし,teruyoshi
涼,りょう,ryou
満,みつる,mitsuru
勇,ゆう,yuu
めぐみ,めぐみ,megumi
みあ,みあ,mia
龍吉,りゅうきち,ryuukichi
基祐,きすけ,kisuke
沙耶,さや,saya
涼子,りょうこ,ryouko
めぐみ,めぐみ,megumi
杏,あん,ann
瑠璃亜,るりあ,ruria
一哉,かずや,kazuya
友香,ともか,tomoka1
由宇,ゆう,yuu
勇一,ゆういち,yuuichi
真悠子,まゆこ,mayuko
美嘉,みか,mika
三省,さんせい,sansei
サダヲ,さだお,sadawo
碧海,おうが,ouga
たまき,たまき,tamaki
なぎさ,なぎさ,nagisa
広司,こうじ,kouji
瞳,ひとみ,hitomi
さやか,さやか,sayaka
まなみ,まなみ,manami
希,のぞみ,nozomi
晃司,こうじ,kouji
俊二,しゅんじ,shunji
あき,あき,aki
めぐみ,めぐみ,megumi
勇一,ゆういち,yuuichi
未華子,みかこ,mikako
大,まさる,masaru
優,ゆう,yuu
寿々花,すずか,suzuka
直人,なおと,naoto
涼,りょう,ryou
沙耶,さや,saya
真吾,しんご,shingo
将也,まさや,masaya
法子,のりこ,noriko
洋介,ようすけ,yousuke
まなみ,まなみ,manami
英嗣,ひでつぐ,hidetsugu
勝久,かつひさ,katsuhisa
雅之,まさゆき,masayuki
芳正,よしまさ,yoshimasa
徹,とおる,tooru
俊二,しゅんじ,shunji
優,ゆう,yuu
兼,けん,ken
人志,ひとし,hitoshi
みき,みき,miki
誠一,せいいち,seiichi
美智子,みちこ,michiko
長利,ながとし,nagatoshi
達士,たつひと,tatsuhito
めぐみ,めぐみ,megumi1
友也,ともや,tomoya
優,ゆう,yuu
徹,とおる,tohru
恵子,けいこ,keiko
聡,さとし,satoshi
みき,みき,miki
ひろみ,ひろみ,hiromi
一輝,かずき,kazuki
友香,ともか,tomoka
有海,あみ,ami
大樹,ひろき,hiroki
涼,りょう,ryou
輝信,あきのぶ,akinobu
佳乃,よしの,yoshino
あさみ,あさみ,asami
明,あきら,akira
なつみ,なつみ,natsumi
良介,りょうすけ,ryousuke
美智子,みちこ,michiko
里穂,りほ,riho
龍吉,りゅうきち,ryuukichi
洋介,ようすけ,yousuke
光,ひかる,hikaru
美希,みき,miki
はじめ,はじめ,hajime
瑠璃亜,るりあ,ruria
美優,みゅう,myuu
愛,あい,ai
由宇,ゆう,yuu
あおい,あおい,aoi
美佳,みか,mika
さとみ,さとみ,satomi
朝陽,あさひ,asahi
あい,あい,ai
きみまろ,きみまろ,kimimaro
満,みつる,mitsuru
惇,じゅん,jun
正敏,まさとし,masatoshi
さとみ,さとみ,satomi
マサカズ,まさかず,masakazu
勇太,ゆうた,yuuta
進,すすむ,susumu
康文,やすふみ,yasufumi
人志,ひとし,hitoshi
由樹,ゆき,yuki
真悠子,まゆこ,mayuko
光臣,みつおみ,mitsuomi
みき,みき,miki
憲一,けんいち,kenichi
雅彦,まさひこ,masahiko
花緑,かろく,karoku
精児,せいじ,seiji
美和子,みわこ,miwako
美月,みづき,miduki
龍吉,りゅうきち,ryuukichi
さやか,さやか,sayaka
朝香,あさか,asaka
花,はな,hana
仁,じん,jin
竜次,りゅうじ,ryuuji
涼,りょう,ryou
美和子,みわこ,miwako
米蔵,よねぞう,yonezou
草太,そうた,souta
佑,たすく,tasuku
博之,ひろゆき,hiroyuki
倫子,のりこ,noriko
勇,ゆう,yuu
サンタマリア,さんたまりあ,stmaria
徹,とおる,tooru
洋介,ようすけ,yousuke
はじめ,はじめ,hajime
守,まもる,mamoru
一輝,かずき,kazuki
六郎,ろくろう,rokurou
恵梨香,えりか,erika
朝香,あさか,asaka
崇史,たかし,takashi
一徳,いっとく,ittoku
美咲,みさき,misaki
綾,あや,aya
慢太郎,まんたろう,mantarou
一哉,かずや,kazuya
千佳子,ちかこ,chikako
路子,みちこ,michiko
結子,ゆうこ,yuuko
明慶,あきよし,akiyoshi
芳正,よしまさ,yoshimasa
浩太郎,こうたろう,koutarou
さとみ,さとみ,satomi
徹平,てっぺい,teppei
真希,まき,maki
窈,よう,you
美帆,みほ,miho
賢二,けんじ,kenji
勤,つとむ,tsutomu
大,まさる,masaru
あさみ,あさみ,asami
かおり,かおり,kaori
礼子,れいこ,reiko
長利,ながとし,nagatoshi
恵梨香,えりか,erika
路子,みちこ,michiko
しぼり,しぼり,shibori
ひとり,ひとり,hitori
麗奈,れな,rena
浩介,こうすけ,kousuke
薫,かおる,kaoru
早織,さおり,saori
里穂,りほ,riho
美和子,みわこ,miwako
桃子,ももこ,momoko
菊生,きくお,kikuo
文世,ふみよ,fumiyo
恵望子,えみこ,emiko
圭,けい,kei
礼子,れいこ,reiko
みき,みき,miki
南朋,なお,nao
晋也,しんや,shinya
直人,なおと,naoto
俊二,しゅんじ,shunji
碧海,おうが,ouga
えみ,えみ,emi
勇一,ゆういち,yuuichi
りえ,りえ,rie
美佐子,みさこ,misako1
未華子,みかこ,mikako
莉央,りお,rio
えみ,えみ,emi
鉄二,てつじ,tetsuji
啓介,けいすけ,keisuke
景子,けいこ,keiko
さやか,さやか,sayaka
玲那,れな,rena
りえ,りえ,rie
季衣,としえ,toshie
美佐子,みさこ,misako
ジョージ,じょーじ,george
敏也,としや,toshiya
洋介,ようすけ,yousuke
丈雄,たけお,takeo
賢二,けんじ,kenji
六郎,ろくろう,rokurou
直人,なおと,naoto
晴臣,はるおみ,haruomi
竜也,たつや,tatsuya
一哉,かずや,kazuya
雄太,ゆうた,yuuta
京子,きょうこ,kyouko
たまき,たまき,tamaki
りえ,りえ,rie
怜奈,れいな,reina
美優,みゅう,myuu
玲那,れな,rena
右京,うきょう,ukyou
はるみ,はるみ,harumi
麻由子,まゆこ,mayuko
まなみ,まなみ,manami
莉緒,りお,rio
亮,りょう,ryou
晋也,しんや,shinya
碧海,おうが,ouga
未華子,みかこ,mikako
そら,そら,sora
愛子,あいこ,aiko
未來,みらい,mirai
千夏,ちなつ,chinatsu
光博,みつひろ,mitsuhiro
南朋,なお,nao
健,けん,ken
寛,ひろし,hiroshi
正敏,まさとし,masatoshi
竜也,たつや,tatsuya
真帆,まほ,maho
理紗,りさ,risa
彩華,あやか,ayaka
陽子,ようこ,youko
サンタマリア,さんたまりあ,stmaria
砂羽,さわ,sawa
綾,あや,aya
あさみ,あさみ,asami
真一,しんいち,shinichi
朝香,あさか,asaka
沙耶,さや,saya
美優,みゅう,myuu
幸子,さちこ,sachiko
裕司,ゆうじ,yuuji
明宏,あきひろ,akihiro
優一,ゆういち,yuuichi
薫,かおる,kaoru
寛治,かんじ,kanji
優,ゆう,yuu
麻由子,まゆこ,mayuko
美佐,みさ,misa
奈央,なお,nao
瞳,ひとみ,hitomi
博明,ひろあき,hiroaki
直人,なおと,naoto
哲平,てっぺい,teppei
満,みつる,mitsuru
桃子,ももこ,momoko
明宏,あきひろ,akihiro
竜次,りゅうじ,ryuuji
三省,さんせい,sansei
まさし,まさし,masashi
慶二,けいじ,keiji
遥,はるか,haruka
賢二,けんじ,kenji
兼,けん,ken
徹,とおる,tooru
あき,あき,aki
光,ひかる,hikaru
広之,ひろゆき,hiroyuki
千夏,ちなつ,chinatsu
詩織,しおり,shiori
はじめ,はじめ,hajime
彩華,あやか,ayaka
晴臣,はるおみ,haruomi
恵美,めぐみ,megumi
蒼甫,そうすけ,sousuke
千夏,ちなつ,chinatsu
茂樹,しげき,shigeki
里奈,りな,rina
未來,みらい,mirai
理紗,りさ,risa
徹平,てっぺい,teppei
倫子,のりこ,noriko
由宇,ゆう,yuu
薫,かおる,kaoru
佳乃,よしの,yoshino
ひとみ,ひとみ,hitomi
右京,うきょう,ukyou
拓郎,たくろう,takurou
みゆき,みゆき,miyuki
恵美,めぐみ,megumi
淳子,あつこ,atsuko
陽介,ようすけ,yousuke
莉沙,りさ,risa
哲平,てっぺい,teppei
将也,まさや,masaya
みき,みき,miki
宏,ひろし,hiroshi
まなみ,まなみ,manami
結子,ゆうこ,yuuko
輝信,あきのぶ,akinobu
照生,てるお,teruo
美佐,みさ,misa
麗奈,れな,rena
浩太郎,こうたろう,koutarou
由宇,ゆう,yuu
浩太郎,こうたろう,koutarou
晋也,しんや,shinya
涼,りょう,ryou
精児,せいじ,seiji
美嘉,みか,mika
なつみ,なつみ,natsumi
莉緒,りお,rio
正義,まさよし,masayoshi
みあ,みあ,mia
由美子,ゆみこ,yumiko
みゆき,みゆき,miyuki
美帆,みほ,miho
そら,そら,sora1
寿々花,すずか,suzuka
あい,あい,ai
美佐子,みさこ,misako
長利,ながとし,nagatoshi
信吾,しんご,shingo1
あき,あき,aki
良介,りょうすけ,ryousuke
美和子,みわこ,miwako
佳乃,よしの,yoshino
結衣,ゆい,yui
花緑,かろく,karoku
誠一,せいいち,seiichi
明慶,あきよし,akiyoshi
友也,ともや,tomoya
景子,けいこ,keiko
優,ゆう,yuu
仁晶,ひろあき,hiroaki
くるみ,くるみ,kurumi
碧海,おうが,ouga
優一,ゆういち,yuuichi
法嗣,ほうし,houshi
浩正,ひろまさ,hiromasa
まなみ,まなみ,manami
涼,りょう,ryou
大,まさる,masaru
たかお,たかお,takao
はるみ,はるみ,harumi
真一,しんいち,shinichi
涼子,りょうこ,ryouko
しぼり,しぼり,shibori
啓介,けいすけ,keisuke
麻由子,まゆこ,mayuko
研二,けんじ,kenji
里奈,りな,rina
美佐子,みさこ,misako
努,つとむ,tsutomu
あさみ,あさみ,asami
染五郎,そめごろう,somegorou
洋,よう,you
まさみ,まさみ,masami
利夫,としお,toshio
染五郎,そめごろう,somegorou
寛治,かんじ,kanji
ひとり,ひとり,hitori
エリカ,えりか,erika2
綾女,あやめ,ayame
俊二,しゅんじ,shunji
隆,たかし,takashi
景子,けいこ,keiko
慎之介,しんのすけ,shinnosuke
遥,はるか,haruka
淳,あつし,atsushi
賢二,けんじ,kenji
洋,よう,you
康文,やすふみ,yasufumi
貴美子,きみこ,kimiko
俊介,しゅんすけ,shunsuke
さやか,さやか,sayaka
芽以,めい,mei
美佐子,みさこ,misako
佑,たすく,tasuku
淳子,あつこ,atsuko
路子,みちこ,michiko
菜摘,なつみ,natsumi
碧海,おうが,ouga
亮,りょう,ryou
真奈美,まなみ,manami
圭,けい,kei
勇介,ゆうすけ,yuusuke
ノブヒコ,のぶひこ,nobuhiko
ジョージ,じょーじ,george
ヒロ,ひろ,hiro
美佐,みさ,misa
ひとり,ひとり,hitori
彩,あや,aya
沙知絵,さちえ,sachie
涼,りょう,ryou
賢治,けんじ,kenji
妃里,ゆり,yuri
マサカズ,まさかず,masakazu
勇太,ゆうた,yuuta
桃子,ももこ,momoko1
茜,あかね,akane
剛基,よしき,yoshiki
あや子,あやこ,ayako
寛治,かんじ,kanji
ヒカル,ひかる,hikaru
哲平,てっぺい,teppei
綾,あや,aya
隆,たかし,takashi
麗奈,れな,rena
玲那,れな,rena
徹,とおる,tooru
長利,ながとし,nagatoshi
龍吉,りゅうきち,ryuukichi
正義,まさよし,masayoshi
ジローラモ,じろーらも,girolamo
南朋,なお,nao
法子,のりこ,noriko
守,まもる,mamoru
淳子,あつこ,atsuko
未華子,みかこ,mikako
満,みつる,mitsuru
勇,ゆう,yuu
輝信,あきのぶ,akinobu
隆博,たかひろ,takahiro
あい,あい,ai
賢治,けんじ,kenji
里奈,りな,rina1
勝久,かつひさ,katsuhisa
豊,ゆたか,yutaka
砂羽,さわ,sawa
竜次,りゅうじ,ryuuji
まひる,まひる,mahiru
光,ひかる,hikaru
一徳,いっとく,ittoku
将也,まさや,masaya
徹,とおる,tooru
まなみ,まなみ,manami1
さんま,さんま,sanma
ひとり,ひとり,hitori
勝久,かつひさ,katsuhisa
隆太,りゅうた,ryuuta
真奈美,まなみ,manami
寛,ひろし,hiroshi
寿明,としあき,toshiaki
翔,しょう,shou
一樹,かずき,kazuki
なつみ,なつみ,natsumi
慶二,けいじ,keiji
光,ひかる,hikaru
里奈,りな,rina
右京,うきょう,ukyou
昴,すばる,subaru
研二,けんじ,kenji1
徹平,てっぺい,teppei
美嘉,みか,mika
淳,あつし,atsushi
三省,さんせい,sansei
徹平,てっぺい,teppei
丈雄,たけお,takeo
路子,みちこ,michiko
たまき,たまき,tamaki
幸子,さちこ,sachiko
竜次,りゅうじ,ryuuji
守,まもる,mamoru
寛治,かんじ,kanji
美帆,みほ,miho
美優,みゅう,myuu
さゆり,さゆり,sayuri
優,ゆう,yuu
真悠子,まゆこ,mayuko
達士,たつひと,tatsuhito
さとみ,さとみ,satomi1
