神崎,かんざき,kannzaki
板橋,いたばし,itabashi
木戸,きど,kido
大和田,おおわだ,oowada
小室,こむろ,komuro
黒沢,くろさわ,kurosawa
寺島,てらしま,terashima
花田,はなだ,hanada
矢口,やぐち,yaguchi
永井,ながい,nagai
薬師丸,やくしまる,yakushimaru
赤松,あかまつ,akamatsu
寺井,てらい,terai
中本,なかもと,nakamoto
片桐,かたぎり,katagiri
松岡,まつおか,matsuoka
豊原,とよはら,toyohara
小野田,おのだ,onoda
堀内,ほりうち,horiuchi
菊地,きくち,kikuchi
矢部,やべ,yabe
熊井,くまい,kumai
坂本,さかもと,sakamoto
堀井,ほりい,horii
村田,むらた,murata
塚田,つかだ,tsukada
平田,ひらた,hirata
石倉,いしくら,ishikura
志村,しむら,shimura
大高,おおだか,oodaka
小日向,こひなた,kohinata
加藤,かとう,katou
多田,ただ,tada
西沢,にしざわ,nishizawa
田口,たぐち,taguchi
中,なか,naka
菅井,すがい,sugai
矢島,やじま,yajima
戸塚,とづか,toduka
河田,かわた,kawata
今,いま,ima
奥貫,おくぬき,okunuki
江原,えはら,ehara
松田,まつだ,matsuda
野田,のだ,noda
西山,にしやま,nishiyama
長島,ながしま,nagashima
蛍原,ほとはら,hotohara
妹尾,せお,seo
沖田,おきた,okita
手島,てじま,tejima
松崎,まつざき,matsuzaki
平賀,ひらが,hiraga
小坂,こざか,kozaka
福士,ふくし,fukushi
金沢,かねざわ,kanezawa
今井,いまい,imai
相沢,あいざわ,aizawa
松田,まつだ,matsuda
岡本,おかもと,okamoto
桜井,さくらい,sakurai
丸田,まるた,maruta
松崎,まつざき,matsuzaki
長友,ながとも,nagatomo
寺岡,てらおか,teraoka
西脇,にしわき,nishiwaki
伴,ばん,ban
立花,たちばな,tachibana
本上,ほんじょう,honjo
中尾,なかお,nakao
菅澤,すがさわ,sugasawa
森岡,もりおか,morioka
丹野,たんの,tannno
三島,みしま,mishima
松谷,まつたに,matsutani
秋葉,あきば,akiba
矢島,やじま,yajima
金山,かなやま,kanayama
白鳥,しらとり,shiratori
井沢,いざわ,izawa
江藤,えとう,etou
西原,にしはら,nishihara
黒田,くろた,kurota
吉野,よしの,yoshino
山崎,やまざき,yamazaki
阿久津,あくつ,akutsu
浅野,あさの,asano
浅野,あさの,asano
宮迫,みやさこ,miyasako
戸田,とだ,toda
古屋,ふるや,furuya
富岡,とみおか,tomioka
釈,しゃく,shaku
金沢,かねざわ,kanezawa
須藤,すどう,sudou
大島,おおしま,ooshima
田中,たなか,tanaka
稲垣,いながき,inagaki
熊沢,くまさわ,kumasawa
田代,たしろ,tashiro
島崎,しまざき,shimazaki
大後,おおご,oogo
宮脇,みやわき,miyawaki
柴崎,しばざき,shibazaki
宮下,みやした,miyashita
南,みなみ,minami
片瀬,かたせ,katase
松山,まつやま,matsuyama
湊,みなと,minato
久保,くぼ,kubo
根岸,ねぎし,negishi
豊田,とよた,toyota
高井,たかい,takai
植松,うえまつ,uematsu
前島,まえじま,maejima
沢村,さわむら,sawamura
萩原,はぎわら,hagiwara
長瀬,ながせ,nagase
白石,しらいし,shiraishi
小野,おの,ono
根岸,ねぎし,negishi
赤羽,あかばね,akabane
宇野,うの,uno
酒井,さかい,sakai
浜田,はまだ,hamada
高橋,たかはし,takahashi
玉山,たまやま,tamayama
川原,かわはら,kawahara
日高,ひだか,hidaka
水島,みずしま,mizushima
岸,きし,kishi
平,たいら,taira
土橋,つちはし,tsuchihashi
高原,たかはら,takahara
新井,あらい,arai
藤村,ふじむら,fujimura
瀬戸,せと,seto
小市,こいち,koichi
浅見,あさみ,asami
宮崎,みやざき,miyazaki
薬師丸,やくしまる,yakushimaru
藤原,ふじわら,fujiwara
渡部,わたべ,watabe
林,はやし,hayashi
川田,かわた,kawata
坂本,さかもと,sakamoto
小田島,おだじま,odajima
菅野,すがの,sugano
小野寺,おのでら,onodera
飯田,いいだ,iida
寺脇,てらわき,terawaki
栗林,くりばやし,kuribayashi
藤澤,ふじさわ,fujisawa
城咲,しろさき,shirosaki
諏訪,すわ,suwa
堀口,ほりぐち,horiguchi
安斎,あんざい,annzai
米山,よねやま,yoneyama
内村,うちむら,uchimura
木田,きだ,kida
金谷,かなや,kanaya
飯島,いいじま,iijima
磯村,いそむら,isomura
若松,わかまつ,wakamatsu
下山,しもやま,shimoyama
大和田,おおわだ,oowada
岡島,おかじま,okajima
塚原,つかはら,tsukahara
久米,くめ,kume
川中,かわなか,kawanaka
青野,あおの,aono
毛利,もうり,mouri
那須,なす,nasu
森脇,もりわき,moriwaki
青柳,あおやぎ,aoyagi
小川,おがわ,ogawa
大川,おおかわ,ookawa
土橋,つちはし,tsuchihashi
立花,たちばな,tachibana
渋谷,しぶや,shibuya
高山,たかやま,takayama
川畑,かわはた,kawahata
松木,まつき,matsuki
猪股,いのまた,inomata
尾形,おがた,ogata
高谷,たかや,takaya
角,すみ,sumi
内山,うちやま,uchiyama
高谷,たかや,takaya
阪本,さかもと,sakamoto
内野,うちの,uchino
川原,かわはら,kawahara
河野,こうの,kouno
城咲,しろさき,shirosaki
吉原,よしわら,yoshiwara
松沢,まつざわ,matsuzawa
広瀬,ひろせ,hirose
水田,みずた,mizuta
田中,たなか,tanaka
岡田,おかだ,okada
池谷,いけたに,iketani
今泉,いまいずみ,imaizumi
近藤,こんどう,kondou
篠山,しのやま,shinoyama
会田,あいだ,aida
水上,みずかみ,mizukami
杉本,すぎもと,sugimoto
中島,なかしま,nakashima
加納,かのう,kanou
高瀬,たかせ,takase
米山,よねやま,yoneyama
藤原,ふじわら,fujiwara
江藤,えとう,etou
八木,やぎ,yagi
倉持,くらもち,kuramochi
阪本,さかもと,sakamoto
池内,いけうち,ikeuchi
深沢,ふかざわ,fukazawa
中井,なかい,nakai
山上,やまがみ,yamagami
高見,たかみ,takami
田上,たうえ,taue
古田,ふるた,furuta
古賀,こが,koga
大谷,おおたに,ootani
深谷,ふかや,fukaya
宮本,みやもと,miyamoto
小日向,こひなた,kohinata
秋本,あきもと,akimoto
勝又,かつまた,katsumata
野村,のむら,nomura
岡部,おかべ,okabe
磯野,いその,isono
平田,ひらた,hirata
辻,つじ,tsuji
河内,かわうち,kawauchi
金谷,かなや,kanaya
合田,あいだ,aida
関根,せきね,sekine
高沢,たかさわ,takasawa
市川,いちかわ,ichikawa
和泉,わいずみ,waizumi
児島,こじま,kojima
相原,あいはら,aihara
高梨,たかなし,takanashi
小池,こいけ,koike
坂元,さかもと,sakamoto
寺脇,てらわき,terawaki
藤川,ふじかわ,fujikawa
大崎,おおさき,oosaki
植田,うえた,ueta
柴田,しばた,shibata
滝本,たきもと,takimoto
亀井,かめい,kamei
飯野,いいの,iino
小野寺,おのでら,onodera
吉川,よしかわ,yoshikawa
前田,まえだ,maeda
奥,おく,oku
大内,おおうち,oouchi
川端,かわばた,kawabata
川崎,かわさき,kawasaki
石丸,いしまる,ishimaru
岩佐,いわさ,iwasa
藤川,ふじかわ,fujikawa
斎藤,さいとう,saitou
阪口,さかぐち,sakaguchi
小野寺,おのでら,onodera
金谷,かなや,kanaya
岸部,きしべ,kishibe
山中,やまなか,yamanaka
磯野,いその,isono
小宮,こみや,komiya
小松,こまつ,komatsu
椎名,しいな,shiina
富樫,とがし,togashi
岡田,おかだ,okada
相馬,あいば,aiba
竹内,たけうち,takeuchi
池畑,いけはた,ikehata
村田,むらた,murata
筧,かけい,kakei
城咲,しろさき,shirosaki
浅野,あさの,asano
及川,おいかわ,oikawa
依田,よりた,yorita
美輪,みわ,miwa
磯村,いそむら,isomura
伊沢,いざわ,izawa
勝又,かつまた,katsumata
前島,まえじま,maejima
梅沢,うめざわ,umezawa
高崎,たかさき,takasaki
深井,ふかい,fukai
大橋,おおはし,oohashi
菅澤,すがさわ,sugasawa
小畑,おばた,obata
石崎,いしざき,ishizaki
山岡,やまおか,yamaoka
倉本,くらもと,kuramoto
松田,まつだ,matsuda
塚本,つかもと,tsukamoto
井沢,いざわ,izawa
高柳,たかやなぎ,takayanagi
海野,うみの,umino
寺岡,てらおか,teraoka
飯野,いいの,iino
寺島,てらしま,terashima
石原,いしはら,ishihara
堀口,ほりぐち,horiguchi
豊田,とよた,toyota
小宮,こみや,komiya
神崎,かんざき,kanzaki
奥野,おくの,okuno
窪塚,くぼづか,kuboduka
香椎,かしい,kashii
志賀,しが,shiga
柳川,やながわ,yanagawa
杉村,すぎむら,sugimura
村中,むらなか,muranaka
山崎,やまざき,yamazaki
落合,おちあい,ochiai
志田,しだ,shida
中原,なかはら,nakahara
松居,まつい,matsui
河合,かわい,kawai
大津,おおつ,ootsu
米沢,よねざわ,yonezawa
藤野,ふじの,fujino
桜井,さくらい,sakurai
秋元,あきもと,akimoto
内村,うちむら,uchimura
金城,かなしろ,kanashiro
奥田,おくだ,okuda
中里,なかざと,nakazato
小野,おの,ono
熊倉,くまくら,kumakura
片岡,かたおか,kataoka
窪田,くぼた,kubota
新谷,あらや,araya
久野,ひさの,hisano
北原,きたはら,kitahara
宮崎,みやざき,miyazaki
皆川,みなかわ,minakawa
田辺,たなべ,tanabe
石黒,いしぐろ,ishiguro
宮崎,みやざき,miyazaki
下山,しもやま,shimoyama
福山,ふくやま,fukuyama
島袋,しまぶくろ,shimabukuro
小原,おはら,ohara
深田,ふかだ,fukada
真田,さなだ,sanada
金井,かない,kanai
西村,にしむら,nishimura
影山,かげやま,kageyama
筒井,つつい,tsutsui
河村,かわむら,kawamura
庄司,しょうじ,shouji
黒田,くろた,kurota
寺島,てらじま,terajima
山岡,やまおか,yamaoka
小池,こいけ,koike
村上,むらかみ,murakami
秋田,あきた,akita
皆川,みなかわ,minakawa
堀田,ほった,hotta
水口,みずぐち,mizuguchi
曽我,そが,soga
吉川,よしかわ,yoshikawa
菅野,すがの,sugano
小泉,こいずみ,koizumi
山上,やまがみ,yamagami
岩村,いわむら,iwamura
中村,なかむら,nakamura
伊沢,いざわ,izawa
赤坂,あかさか,akasaka
米倉,よねくら,yonekura
南,みなみ,minami
古田,ふるた,furuta
小島,こじま,kojima
川崎,かわさき,kawasaki
村山,むらやま,murayama
井上,いのうえ,inoue
秋田,あきた,akita
永野,ながの,nagano
石野,いしの,ishino
三沢,みさわ,misawa
猪股,いのまた,inomata
宮原,みやはら,miyahara
久野,ひさの,hisano
黒沢,くろさわ,kurosawa
松井,まつい,matsui
上野,うえの,ueno
西谷,にしや,nishiya
横尾,よこお,yokoo
海老原,えびはら,ebihara
早川,はやかわ,hayakawa
樋口,ひぐち,higuchi
福士,ふくし,fukushi
井村,いむら,imura
岸本,きしもと,kishimoto
小倉,おぐら,ogura
木村,きむら,kimura
安藤,あんどう,anndou
合田,あいだ,aida
玉木,たまき,tamaki
三枝,さんし,sannshi
広田,ひろた,hirota
津田,つだ,tsuda
酒井,さかい,sakai
細川,ほそかわ,hosokawa
氏家,うじいえ,ujiie
藤村,ふじむら,fujimura
金谷,かなや,kanaya
長野,ながの,nagano
和泉,わいずみ,waizumi
和泉,わいずみ,waizumi
乾,いぬい,inui
米倉,よねくら,yonekura
内野,うちの,uchino
早美,はやみ,hayami
森田,もりた,morita
井上,いのうえ,inoue
大和田,おおわだ,oowada
沢尻,さわじり,sawajiri
松山,まつやま,matsuyama
土屋,つちや,tsuchiya
石黒,いしぐろ,ishiguro
川上,かわかみ,kawakami
比嘉,ひよし,hiyoshi
溝口,みぞぐち,mizoguchi
山形,やまがた,yamagata
明石家,あかしや,akashiya
大森,おおもり,oomori
堀川,ほりかわ,horikawa
大谷,おおたに,ootani
沢,さわ,sawa
鶴岡,つるおか,tsuruoka
小高,こだか,kodaka
亀山,かめやま,kameyama
城戸,きど,kido
柳川,やながわ,yanagawa
大塚,おおつか,ootsuka
川中,かわなか,kawanaka
宮沢,みやざわ,miyazawa
武内,たけうち,takeuchi
宮原,みやはら,miyahara
小野田,おのだ,onoda
塩田,しおた,shiota
神野,かみの,kamino
波多野,はたの,hatano
前島,まえじま,maejima
内野,うちの,uchino
小坂,こざか,kozaka
二宮,にのみや,ninomiya
堀口,ほりぐち,horiguchi
篠崎,しのざき,shinozaki
日下,ひのした,hinoshita
滝田,たきた,takita
満島,みつしま,mitsushima
中井,なかい,nakai
福永,ふくなが,fukunaga
鹿賀,かが,kaga
青野,あおの,aono
真鍋,まなべ,manabe
稲垣,いながき,inagaki
蛍原,ほとはら,hotohara
長瀬,ながせ,nagase
小木,おぎ,ogi
高村,たかむら,takamura
川辺,かわべ,kawabe
水野,みずの,mizuno
児島,こじま,kojima
丸田,まるた,maruta
高橋,たかはし,takahashi
三井,みつい,mitsui
沢田,さわだ,sawada
五十嵐,いがらし,igarashi
浅野,あさの,asano
葛西,かさい,kasai
細田,ほそだ,hosoda
富樫,とがし,togashi
秦,はた,hata
鈴木,すずき,suzuki
谷,たに,tani
赤木,あかぎ,akagi
津田,つだ,tsuda
坂本,さかもと,sakamoto
末永,すえなが,suenaga
金谷,かなや,kanaya
小谷,こたに,kotani
石坂,いしざか,ishizaka
八田,やつだ,yatsuda
細川,ほそかわ,hosokawa
尾崎,おざき,ozaki
溝口,みぞぐち,mizoguchi
川崎,かわさき,kawasaki
重田,しげた,shigeta
黒田,くろた,kurota
小田島,おだじま,odajima
深田,ふかだ,fukada
佐々木,ささき,sasaki
安倍,あべ,abe
橋爪,はしづめ,hashidume
成田,なりた,narita
大泉,おおいずみ,ooizumi
古田,ふるた,furuta
小関,こぜき,kozeki
小出,こいで,koide
石井,いしい,ishii
松元,まつもと,matsumoto
竹内,たけうち,takeuchi
長浜,ながはま,nagahama
内野,うちの,uchino
勝田,かつだ,katsuda
品川,しながわ,shinagawa
山岸,やまぎし,yamagishi
中尾,なかお,nakao
塩沢,しおざわ,shiozawa
楠,くすのき,kusunoki
大熊,おおくま,ookuma
岸田,きしだ,kishida
堀北,ほりきた,horikita
菅原,すがわら,sugawara
安部,あべ,abe
難波,なんば,nannba
金森,かなもり,kanamori
瀬戸内,せとうち,setouchi
庄司,しょうじ,shouji
正木,まさき,masaki
鹿島,かしま,kashima
石倉,いしくら,ishikura
大山,おおやま,ooyama
飛田,ひだ,hida
藤沢,ふじさわ,fujisawa
榊原,さかきばら,sakakibara
黒岩,くろいわ,kuroiwa
手塚,てづか,teduka
植松,うえまつ,uematsu
岩崎,いわさき,iwasaki
木原,きはら,kihara
大坂,おおさか,oosaka
山崎,やまざき,yamazaki
山下,やました,yamashita
西野,にしの,nishino
下村,しもむら,shimomura
戸田,とだ,toda
原,はら,hara
益田,ますだ,masuda
車,くるま,kuruma
小西,こにし,konishi
小口,おぐち,oguchi
豊原,とよはら,toyohara
相沢,あいざわ,aizawa
末吉,すえきち,suekichi
高田,たかだ,takada
小倉,おぐら,ogura
三村,みむら,mimura
神谷,かみや,kamiya
木村,きむら,kimura
高橋,たかはし,takahashi
野呂,のろ,noro
長井,ながい,nagai
桑原,くわばら,kuwabara
磯村,いそむら,isomura
大坂,おおさか,oosaka
内田,うちだ,uchida
浦野,うらの,urano
島崎,しまざき,shimazaki
織田,おだ,oda
宮崎,みやざき,miyazaki
宮迫,みやさこ,miyasako
高柳,たかやなぎ,takayanagi
末永,すえなが,suenaga
杉浦,すぎうら,sugiura
福地,ふくち,fukuchi
加藤,かとう,katou
松居,まつい,matsui
岩井,いわい,iwai
片瀬,かたせ,katase
水谷,みずたに,mizutani
西沢,にしざわ,nishizawa
川原,かわはら,kawahara
矢口,やぐち,yaguchi
岡山,おかやま,okayama
小野田,おのだ,onoda
松岡,まつおか,matsuoka
富永,とみなが,tominaga
永瀬,ながせ,nagase
浅見,あさみ,asami
米沢,よねざわ,yonezawa
寺西,てらにし,teranishi
乾,いぬい,inui
井手,いで,ide
矢作,やはぎ,yahagi
三井,みつい,mitsui
曽根,そね,sone
大島,おおしま,ooshima
高倉,たかくら,takakura
狩野,かの,kano
保坂,ほさか,hosaka
藤村,ふじむら,fujimura
今西,いまにし,imanishi
宮原,みやはら,miyahara
足立,あだち,adachi
大西,おおにし,oonishi
藤島,ふじしま,fujishima
柴咲,しばさき,shibasaki
鳥居,とりい,torii
藤井,ふじい,fujii
佐野,さの,sano
寺島,てらじま,terajima
奥山,おくやま,okuyama
神戸,こうべ,koube
樋口,ひぐち,higuchi
大石,おおいし,ooishi
上村,うえむら,uemura
村山,むらやま,murayama
細山,ほそやま,hosoyama
岩下,いわした,iwashita
三村,みむら,mimura
北川,きたがわ,kitagawa
寺岡,てらおか,teraoka
若松,わかまつ,wakamatsu
佐古,さこ,sako
綾小路,あやのこうじ,ayanokouji
根岸,ねぎし,negishi
笹川,ささがわ,sasagawa
田原,たはら,tahara
三船,みふね,mifune
山口,やまぐち,yamaguchi
福山,ふくやま,fukuyama
村瀬,むらせ,murase
羽田,はだ,hada
大城,おおしろ,ooshiro
尾形,おがた,ogata
内海,うちみ,uchimi
米倉,よねくら,yonekura
今井,いまい,imai
寺田,てらだ,terada
赤坂,あかさか,akasaka
今井,いまい,imai
沢尻,さわじり,sawajiri
関,せき,seki
玉木,たまき,tamaki
佐藤,さとう,satou
亀井,かめい,kamei
楠本,くすもと,kusumoto
水川,みずかわ,mizukawa
小柳,こやなぎ,koyanagi
島津,しまづ,shimadu
西川,にしかわ,nishikawa
山上,やまがみ,yamagami
大槻,おおつき,ootsuki
木下,きのした,kinoshita
草野,くさの,kusano
浅見,あさみ,asami
伊丹,いたみ,itami
蛍原,ほとはら,hotohara
浅田,あさだ,asada
パンツェッタ,ぱんつぇった,panzetta
荒井,あらい,arai
中田,なかた,nakata
岩永,いわなが,iwanaga
本山,ほんやま,honnyama
葛西,かさい,kasai
坂下,さかした,sakashita
伊東,いとう,itou
大坂,おおさか,oosaka
田村,たむら,tamura
安座間,あざま,azama
阿久津,あくつ,akutsu
菅澤,すがさわ,sugasawa
市田,いちだ,ichida
斎藤,さいとう,saitou
小市,こいち,koichi
金子,かねこ,kaneko
山中,やまなか,yamanaka
榊原,さかきばら,sakakibara
関,せき,seki
石田,いしだ,ishida
今井,いまい,imai
向井,むらい,murai
熊田,くまだ,kumada
重松,しげまつ,shigematsu
根岸,ねぎし,negishi
北村,きたむら,kitamura
瀬川,せがわ,segawa
山元,やまもと,yamamoto
松岡,まつおか,matsuoka
とよた,とよた,toyota
大井,おおい,ooi
須賀,すが,suga
照井,てるい,terui
中尾,なかお,nakao
岩下,いわした,iwashita
早坂,はやさか,hayasaka
岩村,いわむら,iwamura
関,せき,seki
藤原,ふじわら,fujiwara
宮下,みやした,miyashita
河原,かわはら,kawahara
磯村,いそむら,isomura
加瀬,かせ,kase
西尾,にしお,nishio
島津,しまづ,shimadu
徳永,とくなが,tokunaga
布川,ふかわ,fukawa
大山,おおやま,ooyama
深田,ふかだ,fukada
古山,ふるやま,furuyama
富田,とみた,tomita
岩井,いわい,iwai
山瀬,やませ,yamase
長瀬,ながせ,nagase
沖,おき,oki
紺野,こんの,konnno
富沢,とみさわ,tomisawa
尾上,おがみ,ogami
石塚,いしづか,ishiduka
美木,みき,miki
内野,うちの,uchino
川端,かわばた,kawabata
金城,かなしろ,kanashiro
増井,ますい,masui
角,すみ,sumi
葛山,かつらやま,katsurayama
木下,きのした,kinoshita
渡部,わたべ,watabe
片岡,かたおか,kataoka
小平,こひら,kohira
窪田,くぼた,kubota
喜多,きた,kita
高谷,たかや,takaya
野崎,のざき,nozaki
菅沼,すがぬま,suganuma
高瀬,たかせ,takase
中尾,なかお,nakao
芳賀,はが,haga
谷口,たにぐち,taniguchi
横井,よこい,yokoi
本間,ほんま,honnma
長谷川,はせがわ,hasegawa
成田,なりた,narita
井村,いむら,imura
長瀬,ながせ,nagase
宮川,みやかわ,miyakawa
中山,なかやま,nakayama
堀越,ほりこし,horikoshi
今田,いまだ,imada
岩田,いわた,iwata
岩田,いわた,iwata
浅井,あさい,asai
牧,まき,maki
笹川,ささがわ,sasagawa
梅沢,うめざわ,umezawa
ほしの,ほしの,hoshino
熊井,くまい,kumai
矢沢,やざわ,yazawa
国分,こくぶん,kokubunn
松元,まつもと,matsumoto
梅津,うめづ,umedu
松岡,まつおか,matsuoka
内野,うちの,uchino
永島,ながしま,nagashima
長澤,ながさわ,nagasawa
牧,まき,maki
寺井,てらい,terai
永野,ながの,nagano
高樹,たかぎ,takagi
木下,きのした,kinoshita
井川,いがわ,igawa
平林,ひらばやし,hirabayashi
有田,ありた,arita
長友,ながとも,nagatomo
武井,たけい,takei
北村,きたむら,kitamura
榊原,さかきばら,sakakibara
松谷,まつたに,matsutani
奥山,おくやま,okuyama
横田,よこた,yokota
目黒,めぐろ,meguro
藤井,ふじい,fujii
千葉,ちば,chiba
岡崎,おかざき,okazaki
小川,おがわ,ogawa
堤,つつみ,tsutsumi
玉木,たまき,tamaki
出口,でぐち,deguchi
柴咲,しばさき,shibasaki
有村,ありむら,arimura
清野,きよの,kiyono
植木,うえき,ueki
古山,ふるやま,furuyama
伊崎,いさき,isaki
川原,かわはら,kawahara
大和田,おおわだ,oowada
小泉,こいずみ,koizumi
小木,おぎ,ogi
三好,みよし,miyoshi
大木,おおき,ooki
赤羽,あかばね,akabane
吉本,よしもと,yoshimoto
藤澤,ふじさわ,fujisawa
石井,いしい,ishii
早美,はやみ,hayami
水上,みずかみ,mizukami
対馬,つしま,tsushima
石井,いしい,ishii
深田,ふかだ,fukada
宇多田,うただ,utada
塚田,つかだ,tsukada
瀬戸内,せとうち,setouchi
角谷,かどたに,kadotani
山上,やまがみ,yamagami
川合,かわい,kawai
長澤,ながさわ,nagasawa
加納,かのう,kanou
大平,おおひら,oohira
島田,しまだ,shimada
神崎,かんざき,kanzaki
石原,いしはら,ishihara
福士,ふくし,fukushi
石崎,いしざき,ishizaki
徳永,とくなが,tokunaga
鹿島,かしま,kashima
早坂,はやさか,hayasaka
小松,こまつ,komatsu
永島,ながしま,nagashima
竹中,たけなか,takenaka
竹下,たけした,takeshita
立川,たちかわ,tachikawa
池畑,いけはた,ikehata
森下,もりした,morishita
草野,くさの,kusano
富沢,とみさわ,tomisawa
三原,みはら,mihara
安藤,あんどう,ando
八田,やつだ,yatsuda
黒田,くろた,kurota
奥貫,おくぬき,okunuki
釈,しゃく,shaku
野原,のはら,nohara
西田,にしだ,nishida
野際,のぎわ,nogiwa
今西,いまにし,imanishi
大浦,おおうら,ooura
町田,まちだ,machida
大森,おおもり,oomori
影山,かげやま,kageyama
脇田,わきた,wakita
田口,たぐち,taguchi
長井,ながい,nagai
平川,ひらかわ,hirakawa
久米,くめ,kume
松沢,まつざわ,matsuzawa
水島,みずしま,mizushima
綾瀬,あやせ,ayase
高尾,たかお,takao
平野,ひらの,hirano
吉永,よしなが,yoshinaga
岩井,いわい,iwai
蒼井,あおい,aoi
柳,やなぎ,yanagi
寺尾,てらお,terao
黒沢,くろさわ,kurosawa
池上,いけがみ,ikegami
小出,こいで,koide
今泉,いまいずみ,imaizumi
栗山,くりやま,kuriyama
上杉,うえすぎ,uesugi
橋本,はしもと,hashimoto
有田,ありた,arita
島田,しまだ,shimada
河野,こうの,kouno
足立,あだち,adachi
中川,なかがわ,nakagawa
三上,みかみ,mikami
酒井,さかい,sakai
加藤,かとう,katou
藤崎,ふじさき,fujisaki
西村,にしむら,nishimura
三井,みつい,mitsui
目黒,めぐろ,meguro
谷川,たにかわ,tanikawa
首藤,すどう,sudou
松川,まつかわ,matsukawa
及川,おいかわ,oikawa
河合,かわい,kawai
寺脇,てらわき,terawaki
田尻,たじり,tajiri
梅村,うめむら,umemura
細田,ほそだ,hosoda
秋山,あきやま,akiyama
本間,ほんま,honnma
大内,おおうち,oouchi
前野,まえの,maeno
高柳,たかやなぎ,takayanagi
斉藤,さいとう,saitou
小宮,こみや,komiya
山内,やまのうち,yamanouchi
本山,ほんやま,honnyama
岡崎,おかざき,okazaki
西谷,にしや,nishiya
関,せき,seki
長尾,ながお,nagao
奥田,おくだ,okuda
赤羽,あかばね,akabane
岩間,いわま,iwama
須田,すだ,suda
大和田,おおわだ,oowada
吉井,よしい,yoshii
芹沢,せりざわ,serizawa
村田,むらた,murata
古谷,ふるたに,furutani
福士,ふくし,fukushi
荒川,あらかわ,arakawa
林,はやし,hayashi
本村,ほんむら,honnmura
坂元,さかもと,sakamoto
城田,しろた,shirota
児島,こじま,kojima
加藤,かとう,katou
水谷,みずたに,mizutani
大平,おおひら,oohira
森島,もりしま,morishima
小野寺,おのでら,onodera
小畑,おばた,obata
西口,にしぐち,nishiguchi
菊池,きくち,kikuchi
宇佐美,うさみ,usami
江川,えがわ,egawa
藤村,ふじむら,fujimura
六角,ろっかく,rokkaku
松島,まつしま,matsushima
菅,すが,suga
永野,ながの,nagano
沢田,さわだ,sawada
森谷,もりや,moriya
岩村,いわむら,iwamura
小谷,こたに,kotani
坂本,さかもと,sakamoto
長澤,ながさわ,nagasawa
原,はら,hara
柳原,やなぎはら,yanagihara
高梨,たかなし,takanashi
細谷,ほそや,hosoya
大滝,おおたき,ootaki
大和田,おおわだ,oowada
志田,しだ,shida
吉永,よしなが,yoshinaga
小平,こひら,kohira
少路,しょうじ,shouji
渡部,わたべ,watabe
渡部,わたべ,watabe
湊,みなと,minato
笠井,かさい,kasai
武内,たけうち,takeuchi
岡山,おかやま,okayama
藤井,ふじい,fujii
榎本,えのもと,enomoto
曽我,そが,soga
高野,たかの,takano
曽我,そが,soga
那須,なす,nasu
深井,ふかい,fukai
矢野,やの,yano
小玉,こだま,kodama
柴田,しばた,shibata
藤田,ふじた,fujita
吉原,よしわら,yoshiwara
大畑,おおはた,oohata
岩井,いわい,iwai
平,たいら,taira
神崎,かんざき,kanzaki
飛田,ひだ,hida
小沼,こぬま,konuma
芹沢,せりざわ,serizawa
加瀬,かせ,kase
高岡,たかおか,takaoka
亀山,かめやま,kameyama
寺本,てらもと,teramoto
平良,ひらら,hirara
金井,かない,kanai
坂下,さかした,sakashita
松井,まつい,matsui
今田,いまだ,imada
三船,みふね,mifune
大久保,おおくぼ,ookubo
石黒,いしぐろ,ishiguro
牧,まき,maki
佐古,さこ,sako
鬼頭,きとう,kitou
市川,いちかわ,ichikawa
大路,おおじ,ooji
水口,みずぐち,mizuguchi
布川,ふかわ,fukawa
谷村,たにむら,tanimura
磯野,いその,isono
矢沢,やざわ,yazawa
勝田,かつだ,katsuda
宇田川,うだがわ,udagawa
高梨,たかなし,takanashi
芹沢,せりざわ,serizawa
原口,はらぐち,haraguchi
村上,むらかみ,murakami
竹中,たけなか,takenaka
海音寺,かいおんじ,kaionji
関谷,せきや,sekiya
大沼,おおぬま,oonuma
大林,おおばやし,oobayashi
筒井,つつい,tsutsui
長尾,ながお,nagao
三谷,みたに,mitani
石沢,いしざわ,ishizawa
ト字,とじ,toji
宇野,うの,uno
長田,ながた,nagata
江川,えがわ,egawa
村岡,むらおか,muraoka
清田,きよた,kiyota
村松,むらまつ,muramatsu
小林,こばやし,kobayashi
藤崎,ふじさき,fujisaki
塚本,つかもと,tsukamoto
猪股,いのまた,inomata
勝又,かつまた,katsumata
梅村,うめむら,umemura
矢沢,やざわ,yazawa
彼方,かなた,kanata
池畑,いけはた,ikehata
城咲,しろさき,shirosaki
藤木,ふじき,fujiki
海野,うみの,umino
吉沢,よしざわ,yoshizawa
狩野,かの,kano
日下,ひのした,hinoshita
野本,のもと,nomoto
黒木,くろき,kuroki
三谷,みたに,mitani
木下,きのした,kinoshita
西谷,にしや,nishiya
石本,いしもと,ishimoto
平田,ひらた,hirata
須藤,すどう,sudou
米谷,よねや,yoneya
伴,ばん,ban
前野,まえの,maeno
森岡,もりおか,morioka
安井,やすい,yasui
滝本,たきもと,takimoto
織田,おだ,oda
西井,にしい,nishii
門田,かどた,kadota
荒川,あらかわ,arakawa
宮本,みやもと,miyamoto
杉下,すぎした,sugishita
久野,ひさの,hisano
山田,やまだ,yamada
野上,のがみ,nogami
二宮,にのみや,ninomiya
松沢,まつざわ,matsuzawa
佐々木,ささき,sasaki
松山,まつやま,matsuyama
宮下,みやした,miyashita
大滝,おおたき,ootaki
角谷,かどたに,kadotani
石川,いしかわ,ishikawa
倉持,くらもち,kuramochi
新垣,あらがき,aragaki
坂上,さかがみ,sakagami
川畑,かわはた,kawahata
菅井,すがい,sugai
井原,いはら,ihara
水野,みずの,mizuno
田原,たはら,tahara
浅野,あさの,asano
佐々木,ささき,sasaki
馬場,ばば,baba
福田,ふくだ,fukuda
宇都宮,うつのみや,utsunomiya
片山,かたやま,katayama
長岡,ながおか,nagaoka
米沢,よねざわ,yonezawa
磯村,いそむら,isomura
青野,あおの,aono
塚田,つかだ,tsukada
森永,もりなが,morinaga
森脇,もりわき,moriwaki
小宮,こみや,komiya
尾形,おがた,ogata
増田,ますだ,masuda
北村,きたむら,kitamura
下村,しもむら,shimomura
村瀬,むらせ,murase
岡本,おかもと,okamoto
池田,いけだ,ikeda
黒田,くろた,kurota
村上,むらかみ,murakami
沢,さわ,sawa
栗田,くりた,kurita
松山,まつやま,matsuyama
亀田,かめだ,kameda
小久保,こくぼ,kokubo
相原,あいはら,aihara
野原,のはら,nohara
山村,やまむら,yamamura
岩田,いわた,iwata
比嘉,ひよし,hiyoshi
綾小路,あやのこうじ,ayanokouji
根岸,ねぎし,negishi
南,みなみ,minami
三好,みよし,miyoshi
塩田,しおた,shiota
河野,こうの,kouno
細川,ほそかわ,hosokawa
藤山,ふじやま,fujiyama
福田,ふくだ,fukuda
西谷,にしや,nishiya
須藤,すどう,sudou
金井,かない,kanai
飯田,いいだ,iida
福地,ふくち,fukuchi
河野,こうの,kouno
野島,のじま,nojima
八木,やぎ,yagi
武藤,むとう,mutou
米倉,よねくら,yonekura
三枝,さんし,sannshi
福永,ふくなが,fukunaga
西原,にしはら,nishihara
志田,しだ,shida
須賀,すが,suga
有賀,ありが,ariga
児玉,こだま,kodama
荒木,あらき,araki
堀,ほり,hori
金丸,かなまる,kanamaru
上杉,うえすぎ,uesugi
亀田,かめだ,kameda
日比野,ひびの,hibino
川村,かわむら,kawamura
鳥居,とりい,torii
大路,おおじ,ooji
吉井,よしい,yoshii
沖,おき,oki
大畑,おおはた,oohata
横田,よこた,yokota
奥田,おくだ,okuda
菅,すが,suga
小木,おぎ,ogi
中原,なかはら,nakahara
馬場,ばば,baba
岡本,おかもと,okamoto
瀬川,せがわ,segawa
鈴木,すずき,suzuki
北川,きたかわ,kitakawa
児島,こじま,kojima
小林,こばやし,kobayashi
篠崎,しのざき,shinozaki
浜崎,はまさき,hamasaki
川井,かわい,kawai
柴山,しばやま,shibayama
菅野,すがの,sugano
田中,たなか,tanaka
佐々木,ささき,sasaki
広田,ひろた,hirota
沼田,ぬまた,numata
釈,しゃく,shaku
古田,ふるた,furuta
岩佐,いわさ,iwasa
深沢,ふかざわ,fukazawa
畑中,はたなか,hatanaka
西尾,にしお,nishio
佐藤,さとう,satou
河野,かわの,kawano
戸塚,とづか,toduka
山上,やまがみ,yamagami
佐藤,さとう,satou
片山,かたやま,katayama
深谷,ふかや,fukaya
小倉,おぐら,ogura
小木,おぎ,ogi
西尾,にしお,nishio
戎,えびす,ebisu
手塚,てづか,teduka
葛西,かさい,kasai
中沢,なかざわ,nakazawa
野際,のぎわ,nogiwa
前田,まえだ,maeda
福井,ふくい,fukui
ユースケ,ゆーすけ,yusuke
久野,ひさの,hisano
楠,くすのき,kusunoki
古賀,こが,koga
津田,つだ,tsuda
若槻,わかつき,wakatsuki
北村,きたむら,kitamura
飛田,ひだ,hida
竹田,たけだ,takeda
山田,やまだ,yamada
及川,おいかわ,oikawa
藤森,ふじもり,fujimori
北沢,きたざわ,kitazawa
相原,あいはら,aihara
宮内,みやうち,miyauchi
筒井,つつい,tsutsui
三沢,みさわ,misawa
山岡,やまおか,yamaoka
小幡,おばた,obata
志田,しだ,shida
小峰,こみね,komine
藤井,ふじい,fujii
日高,ひだか,hidaka
大内,おおうち,oouchi
大和田,おおわだ,oowada
大高,おおだか,oodaka
三浦,みうら,miura
吉岡,よしおか,yoshioka
岩村,いわむら,iwamura
関口,せきぐち,sekiguchi
玉城,たまき,tamaki
竹本,たけもと,takemoto
内野,うちの,uchino
品川,しながわ,shinagawa
大崎,おおさき,oosaki
柴田,しばた,shibata
永井,ながい,nagai
菊地,きくち,kikuchi
米倉,よねくら,yonekura
吉沢,よしざわ,yoshizawa
遠山,とおやま,tooyama
会田,あいだ,aida
森山,もりやま,moriyama
竹内,たけうち,takeuchi
西本,にしもと,nishimoto
亀山,かめやま,kameyama
寺西,てらにし,teranishi
恩田,おんだ,onnda
吉川,よしかわ,yoshikawa
井上,いのうえ,inoue
吉永,よしなが,yoshinaga
綾瀬,あやせ,ayase
三宅,みやけ,miyake
大矢,おおや,ooya
会田,あいだ,aida
海音寺,かいおんじ,kaionji
大山,おおやま,ooyama
小市,こいち,koichi
山崎,やまざき,yamazaki
笹原,ささはら,sasahara
大槻,おおつき,ootsuki
川辺,かわべ,kawabe
平林,ひらばやし,hirabayashi
土橋,つちはし,tsuchihashi
神原,かんばら,kannbara
白鳥,しらとり,shiratori
米谷,よねや,yoneya
曽我,そが,soga
松田,まつだ,matsuda
石沢,いしざわ,ishizawa
今井,いまい,imai
藤原,ふじわら,fujiwara
本山,ほんやま,honnyama
今泉,いまいずみ,imaizumi
玉田,たまだ,tamada
志水,しみず,shimizu
松崎,まつざき,matsuzaki
藤井,ふじい,fujii
一木,いちき,ichiki
玉木,たまき,tamaki
武藤,むとう,mutou
川瀬,かわせ,kawase
横川,よこかわ,yokokawa
山中,やまなか,yamanaka
岩沢,いわさわ,iwasawa
河合,かわい,kawai
成海,なるみ,narumi
高村,たかむら,takamura
倉田,くらた,kurata
村岡,むらおか,muraoka
平,たいら,taira
土谷,つちや,tsuchiya
島本,しまもと,shimamoto
重田,しげた,shigeta
境,さかい,sakai
ほしの,ほしの,hoshino
板垣,いたがき,itagaki
古屋,ふるや,furuya
安藤,あんどう,anndou
目黒,めぐろ,meguro
柳原,やなぎはら,yanagihara
小野田,おのだ,onoda
伴,ばん,ban
笠原,かさはら,kasahara
金城,かなしろ,kanashiro
小栗,おぐり,oguri
市田,いちだ,ichida
富永,とみなが,tominaga
村田,むらた,murata
小沼,こぬま,konuma
中沢,なかざわ,nakazawa
小木,おぎ,ogi
井原,いはら,ihara
峰,みね,mine
浅倉,あさくら,asakura
島崎,しまざき,shimazaki
守屋,もりや,moriya
白木,しらき,shiraki
池内,いけうち,ikeuchi
篠田,しのだ,shinoda
戸田,とだ,toda
大和田,おおわだ,oowada
金子,かねこ,kaneko
橋口,はしぐち,hashiguchi
西脇,にしわき,nishiwaki
石倉,いしくら,ishikura
河内,かわうち,kawauchi
菅原,すがわら,sugawara
小川,おがわ,ogawa
栗林,くりばやし,kuribayashi
阿久津,あくつ,akutsu
溝口,みぞぐち,mizoguchi
浜田,はまだ,hamada
植村,うえむら,uemura
長谷部,はせべ,hasebe
矢作,やはぎ,yahagi
真鍋,まなべ,manabe
ト字,とじ,toji
浜本,はまもと,hamamoto
森田,もりた,morita
半田,はんだ,hannda
佐古,さこ,sako
芳賀,はが,haga
荻野,おぎの,ogino
竹中,たけなか,takenaka
長野,ながの,nagano
平林,ひらばやし,hirabayashi
相武,あいぶ,aibu
柴田,しばた,shibata
江口,えぐち,eguchi
松永,まつなが,matsunaga
難波,なんば,nannba
坂田,さかた,sakata
野崎,のざき,nozaki
高梨,たかなし,takanashi
中川,なかがわ,nakagawa
飯野,いいの,iino
吹石,ふきいし,fukiishi
平川,ひらかわ,hirakawa
香椎,かしい,kashii
細田,ほそだ,hosoda
上田,うえだ,ueda
高樹,たかぎ,takagi
田端,たばた,tabata
梅沢,うめざわ,umezawa
小宮,こみや,komiya
植村,うえむら,uemura
浅沼,あさぬま,asanuma
川中,かわなか,kawanaka
寺岡,てらおか,teraoka
市村,いちむら,ichimura
秋山,あきやま,akiyama
桜田,さくらだ,sakurada
長島,ながしま,nagashima
塩見,しおみ,shiomi
朝倉,あさくら,asakura
薬師丸,やくしまる,yakushimaru
土谷,つちや,tsuchiya
吉永,よしなが,yoshinaga
手塚,てづか,teduka
古屋,ふるや,furuya
富山,とみやま,tomiyama
彼方,かなた,kanata
安田,やすだ,yasuda
小山,おやま,oyama
島,しま,shima
喜多,きた,kita
五十嵐,いがらし,igarashi
千田,せんだ,sennda
小日向,こひなた,kohinata
塩田,しおた,shiota
松谷,まつたに,matsutani
細谷,ほそや,hosoya
窪塚,くぼづか,kuboduka
堤,つつみ,tsutsumi
島田,しまだ,shimada
菅野,すがの,sugano
大野,おおの,oono
中原,なかはら,nakahara
栗山,くりやま,kuriyama
諏訪,すわ,suwa
小川,おがわ,ogawa
高木,たかぎ,takagi
塚原,つかはら,tsukahara
立花,たちばな,tachibana
大城,おおしろ,ooshiro
難波,なんば,nannba
香椎,かしい,kashii
杉下,すぎした,sugishita
関根,せきね,sekine
境,さかい,sakai
畑,はたけ,hatake
神保,じんぼ,jinbo
沢田,さわだ,sawada
玉木,たまき,tamaki
小池,こいけ,koike
宮城,みやぎ,miyagi
沢尻,さわじり,sawajiri
小木,おぎ,ogi
熊沢,くまさわ,kumasawa
横尾,よこお,yokoo
井沢,いざわ,izawa
川井,かわい,kawai
久米,くめ,kume
福原,ふくはら,fukuhara
中島,なかじま,nakajima
大後,おおご,oogo
大谷,おおたに,ootani
西村,にしむら,nishimura
島崎,しまざき,shimazaki
哀川,あいかわ,aikawa
織田,おだ,oda
小池,こいけ,koike
小久保,こくぼ,kokubo
福井,ふくい,fukui
本多,ほんだ,honnda
相武,あいぶ,aibu
山野,やまの,yamano
安,やす,yasu
斉藤,さいとう,saitou
伊丹,いたみ,itami
日比野,ひびの,hibino
岩間,いわま,iwama
川村,かわむら,kawamura
上田,うえだ,ueda
中島,なかじま,nakajima
深沢,ふかざわ,fukazawa
塩見,しおみ,shiomi
砂川,すなかわ,sunakawa
山形,やまがた,yamagata
畠中,はたなか,hatanaka
野島,のじま,nojima
湊,みなと,minato
内藤,ないとう,naitou
坂上,さかがみ,sakagami
小池,こいけ,koike
天野,あまの,amano
木戸,きど,kido
梶原,かじわら,kajiwara
桜井,さくらい,sakurai
上杉,うえすぎ,uesugi
伊集院,いじゅういん,ijuuin
井口,いぐち,iguchi
徳重,とくしげ,tokushige
牧瀬,まきせ,makise
富岡,とみおか,tomioka
渡辺,わたなべ,watanabe
松島,まつしま,matsushima
飯野,いいの,iino
中野,なかの,nakano
西谷,にしや,nishiya
小沢,おざわ,ozawa
松下,まつした,matsushita
米倉,よねくら,yonekura
黒川,くろかわ,kurokawa
一木,いちき,ichiki
井川,いがわ,igawa
沢,さわ,sawa
奥山,おくやま,okuyama
ほしの,ほしの,hoshino
大河内,おおこうち,ookouchi
麻生,あそう,asou
梅沢,うめざわ,umezawa
古賀,こが,koga
松居,まつい,matsui
大河内,おおこうち,ookouchi
大畑,おおはた,oohata
小平,こひら,kohira
寺田,てらだ,terada
松木,まつき,matsuki
滝口,たきぐち,takiguchi
正木,まさき,masaki
奥田,おくだ,okuda
劇団,げきだん,gekidan
川合,かわい,kawai
浜崎,はまさき,hamasaki
松本,まつもと,matsumoto
豊原,とよはら,toyohara
庄司,しょうじ,shouji
深沢,ふかざわ,fukazawa
高瀬,たかせ,takase
片岡,かたおか,kataoka
神木,かみき,kamiki
真田,さなだ,sanada
堀川,ほりかわ,horikawa
堀内,ほりうち,horiuchi
市村,いちむら,ichimura
笠原,かさはら,kasahara
藤沢,ふじさわ,fujisawa
寺島,てらしま,terashima
とよた,とよた,toyota
土屋,つちや,tsuchiya
沢尻,さわじり,sawajiri
五味,ごみ,gomi
北,きた,kita
松崎,まつざき,matsuzaki
江崎,えざき,ezaki
中塚,なかづか,nakaduka
桜井,さくらい,sakurai
松山,まつやま,matsuyama
中原,なかはら,nakahara
早美,はやみ,hayami
松尾,まつお,matsuo
石野,いしの,ishino
奈良,なら,nara
市川,いちかわ,ichikawa
小山,おやま,oyama
高見,たかみ,takami
片桐,かたぎり,katagiri
武田,たけだ,takeda
成海,なるみ,narumi
大高,おおだか,oodaka
寺島,てらしま,terashima
神田,かんだ,kannda
富田,とみた,tomita
細谷,ほそや,hosoya
曽我,そが,soga
水谷,みずたに,mizutani
ユースケ,ゆーすけ,yusuke
米沢,よねざわ,yonezawa
大野,おおの,oono
小椋,おぐら,ogura
北島,きたじま,kitajima
福原,ふくはら,fukuhara
岡山,おかやま,okayama
津田,つだ,tsuda
塚田,つかだ,tsukada
邑野,むらの,murano
川添,かわぞえ,kawazoe
塚原,つかはら,tsukahara
牧田,まきた,makita
平,たいら,taira
石野,いしの,ishino
志村,しむら,shimura
寺井,てらい,terai
川崎,かわさき,kawasaki
柳沢,やなぎさわ,yanagisawa
織田,おだ,oda
岸,きし,kishi
北山,きたやま,kitayama
鹿島,かしま,kashima
皆川,みなかわ,minakawa
島袋,しまぶくろ,shimabukuro
平岡,ひらおか,hiraoka
蛍原,ほとはら,hotohara
高山,たかやま,takayama
花田,はなだ,hanada
高木,たかぎ,takagi
田原,たはら,tahara
小松,こまつ,komatsu
石田,いしだ,ishida
染谷,そめや,someya
宮川,みやかわ,miyakawa
本多,ほんだ,honnda
伊集院,いじゅういん,ijuuin
近藤,こんどう,kondou
福山,ふくやま,fukuyama
前野,まえの,maeno
関,せき,seki
泉,いずみ,izumi
古田,ふるた,furuta
菅井,すがい,sugai
松岡,まつおか,matsuoka
白井,しらい,shirai
早坂,はやさか,hayasaka
美木,みき,miki
小椋,おぐら,ogura
池畑,いけはた,ikehata
日高,ひだか,hidaka
海音寺,かいおんじ,kaionji
田代,たしろ,tashiro
白木,しらき,shiraki
塚本,つかもと,tsukamoto
大原,おおはら,oohara
小峰,こみね,komine
平尾,ひらお,hirao
小田島,おだじま,odajima
島田,しまだ,shimada
葛西,かさい,kasai
神谷,かみや,kamiya
山本,やまもと,yamamoto
岩井,いわい,iwai
柴崎,しばざき,shibazaki
高樹,たかぎ,takagi
田代,たしろ,tashiro
佐々木,ささき,sasaki
長田,ながた,nagata
小高,こだか,kodaka
前島,まえじま,maejima
余,よ,yo
瀬戸内,せとうち,setouchi
田辺,たなべ,tanabe
百瀬,ももせ,momose
川越,かわごえ,kawagoe
西尾,にしお,nishio
田尻,たじり,tajiri
高井,たかい,takai
大沼,おおぬま,oonuma
野際,のぎわ,nogiwa
水崎,みさき,misaki
長尾,ながお,nagao
目黒,めぐろ,meguro
岩井,いわい,iwai
井上,いのうえ,inoue
八木,やぎ,yagi
会田,あいだ,aida
堀北,ほりきた,horikita
板垣,いたがき,itagaki
鈴木,すずき,suzuki
内村,うちむら,uchimura
和泉,わいずみ,waizumi
福永,ふくなが,fukunaga
高田,たかだ,takada
諏訪,すわ,suwa
野崎,のざき,nozaki
石原,いしはら,ishihara
坂下,さかした,sakashita
塩見,しおみ,shiomi
瀬戸内,せとうち,setouchi
関,せき,seki
藤原,ふじわら,fujiwara
関口,せきぐち,sekiguchi
船橋,ふなばし,funabashi
大和田,おおわだ,oowada
奈良,なら,nara
神崎,かんざき,kanzaki
稲葉,いなば,inaba
波多野,はたの,hatano
長島,ながしま,nagashima
松山,まつやま,matsuyama
宮崎,みやざき,miyazaki
吉崎,よしざき,yoshizaki
滝本,たきもと,takimoto
滝,たき,taki
石原,いしはら,ishihara
宇多田,うただ,utada
西岡,にしおか,nishioka
大和田,おおわだ,oowada
秋元,あきもと,akimoto
福地,ふくち,fukuchi
中島,なかじま,nakajima
葛山,かつらやま,katsurayama
上原,うえはら,uehara
長友,ながとも,nagatomo
谷川,たにかわ,tanikawa
青山,あおやま,aoyama
貫地谷,かんじや,kanjiya
石本,いしもと,ishimoto
草野,くさの,kusano
河西,かわにし,kawanishi
岩淵,いわぶち,iwabuchi
境,さかい,sakai
若杉,わかすぎ,wakasugi
原田,はらだ,harada
福岡,ふくおか,fukuoka
上条,かみじょう,kamijou
伴,ばん,ban
森脇,もりわき,moriwaki
戸塚,とづか,toduka
白井,しらい,shirai
菅谷,すがや,sugaya
松山,まつやま,matsuyama
田所,たどころ,tadokoro
横尾,よこお,yokoo
明石,あかし,akashi
竹田,たけだ,takeda
早川,はやかわ,hayakawa
金井,かない,kanai
三輪,みわ,miwa
矢沢,やざわ,yazawa
高瀬,たかせ,takase
河本,こうもと,koumoto
神原,かんばら,kannbara
楠,くすのき,kusunoki
落合,おちあい,ochiai
古田,ふるた,furuta
滝口,たきぐち,takiguchi
益岡,ますおか,masuoka
榎本,えのもと,enomoto
黄川田,きかわだ,kikawada
吹越,ふきこし,fukikoshi
堀越,ほりこし,horikoshi
福島,ふくしま,fukushima
植松,うえまつ,uematsu
牧瀬,まきせ,makise
天野,あまの,amano
井沢,いざわ,izawa
城咲,しろさき,shirosaki
宮田,みやた,miyata
梅田,うめだ,umeda
真鍋,まなべ,manabe
高島,たかしま,takashima
今泉,いまいずみ,imaizumi
羽田,はだ,hada
釈,しゃく,shaku
山上,やまがみ,yamagami
岩田,いわた,iwata
山中,やまなか,yamanaka
手塚,てづか,teduka
小野寺,おのでら,onodera
三浦,みうら,miura
渡辺,わたなべ,watanabe
津川,つがわ,tsugawa
藤崎,ふじさき,fujisaki
園田,そのだ,sonoda
安斎,あんざい,annzai
松尾,まつお,matsuo
堀口,ほりぐち,horiguchi
対馬,つしま,tsushima
須田,すだ,suda
船橋,ふなばし,funabashi
辻,つじ,tsuji
田川,たがわ,tagawa
鬼頭,きとう,kitou
石倉,いしくら,ishikura
井原,いはら,ihara
玉田,たまだ,tamada
藤村,ふじむら,fujimura
黒木,くろき,kuroki
渡部,わたべ,watabe
大浦,おおうら,ooura
宮原,みやはら,miyahara
大西,おおにし,oonishi
笹原,ささはら,sasahara
中村,なかむら,nakamura
浜野,はまの,hamano
相川,あいかわ,aikawa
浜田,はまだ,hamada
伊藤,いとう,itou
川井,かわい,kawai
朝倉,あさくら,asakura
磯村,いそむら,isomura
前田,まえだ,maeda
永井,ながい,nagai
塚田,つかだ,tsukada
前田,まえだ,maeda
浅野,あさの,asano
大泉,おおいずみ,ooizumi
前野,まえの,maeno
寺島,てらじま,terajima
小椋,おぐら,ogura
横尾,よこお,yokoo
多部,たべ,tabe
門田,かどた,kadota
前野,まえの,maeno
福原,ふくはら,fukuhara
相武,あいぶ,aibu
浜,はま,hama
西島,にしじま,nishijima
蛍原,ほとはら,hotohara
内田,うちだ,uchida
吉岡,よしおか,yoshioka
相原,あいはら,aihara
加納,かのう,kanou
本橋,もとはし,motohashi
寺井,てらい,terai
余,よ,yo
堀口,ほりぐち,horiguchi
坂下,さかした,sakashita
寺西,てらにし,teranishi
横山,よこやま,yokoyama
村上,むらかみ,murakami
市田,いちだ,ichida
石本,いしもと,ishimoto
庄司,しょうじ,shouji
高岡,たかおか,takaoka
橘,たちばな,tachibana
武井,たけい,takei
柳原,やなぎはら,yanagihara
石丸,いしまる,ishimaru
五味,ごみ,gomi
那須,なす,nasu
難波,なんば,nannba
西,にし,nishi
小堀,こほり,kohori
西井,にしい,nishii
三谷,みたに,mitani
大矢,おおや,ooya
染谷,そめや,someya
長友,ながとも,nagatomo
田川,たがわ,tagawa
三原,みはら,mihara
美輪,みわ,miwa
江口,えぐち,eguchi
浜野,はまの,hamano
鳥居,とりい,torii
青柳,あおやぎ,aoyagi
池谷,いけたに,iketani
山上,やまがみ,yamagami
寺島,てらじま,terajima
笹原,ささはら,sasahara
横山,よこやま,yokoyama
板倉,いたくら,itakura
黒崎,くろさき,kurosaki
坂田,さかた,sakata
高木,たかぎ,takagi
楠本,くすもと,kusumoto
赤木,あかぎ,akagi
福山,ふくやま,fukuyama
佐古,さこ,sako
河本,こうもと,koumoto
塩見,しおみ,shiomi
木村,きむら,kimura
大和田,おおわだ,oowada
金沢,かねざわ,kanezawa
長瀬,ながせ,nagase
立花,たちばな,tachibana
笹原,ささはら,sasahara
宇野,うの,uno
有田,ありた,arita
菊池,きくち,kikuchi
影山,かげやま,kageyama
藤野,ふじの,fujino
磯村,いそむら,isomura
古谷,ふるたに,furutani
上杉,うえすぎ,uesugi
池本,いけもと,ikemoto
浦野,うらの,urano
内藤,ないとう,naitou
大橋,おおはし,oohashi
小泉,こいずみ,koizumi
大城,おおしろ,ooshiro
外山,そとやま,sotoyama
宇野,うの,uno
植村,うえむら,uemura
松原,まつばら,matsubara
高山,たかやま,takayama
椎名,しいな,shiina
秋元,あきもと,akimoto
城戸,きど,kido
田口,たぐち,taguchi
石渡,いしわたり,ishiwatari
水島,みずしま,mizushima
宇野,うの,uno
小田島,おだじま,odajima
加納,かのう,kanou
紺野,こんの,konnno
川瀬,かわせ,kawase
北田,きただ,kitada
渡部,わたべ,watabe
植木,うえき,ueki
永井,ながい,nagai
車,くるま,kuruma
那須,なす,nasu
都築,つづき,tsuduki
熊沢,くまさわ,kumasawa
平沢,ひらさわ,hirasawa
黒川,くろかわ,kurokawa
窪塚,くぼづか,kuboduka
寺島,てらじま,terajima
依田,よりた,yorita
山内,やまうち,yamauchi
満島,みつしま,mitsushima
畑中,はたなか,hatanaka
武藤,むとう,mutou
小宮,こみや,komiya
藤井,ふじい,fujii
野上,のがみ,nogami
窪田,くぼた,kubota
堤,つつみ,tsutsumi
志田,しだ,shida
早美,はやみ,hayami
戸田,とだ,toda
小木,おぎ,ogi
川原,かわはら,kawahara
影山,かげやま,kageyama
深沢,ふかざわ,fukazawa
大内,おおうち,oouchi
谷,たに,tani
金森,かなもり,kanamori
稲垣,いながき,inagaki
田口,たぐち,taguchi
島崎,しまざき,shimazaki
尾崎,おざき,ozaki
平沢,ひらさわ,hirasawa
寺尾,てらお,terao
猪股,いのまた,inomata
杉村,すぎむら,sugimura
村上,むらかみ,murakami
久野,ひさの,hisano
山中,やまなか,yamanaka
大久保,おおくぼ,ookubo
柳,やなぎ,yanagi
柳田,やなぎだ,yanagida
半田,はんだ,hannda
児玉,こだま,kodama
本村,ほんむら,honnmura
岩谷,いわたに,iwatani
渡部,わたべ,watabe
麻生,あそう,asou
三上,みかみ,mikami
松下,まつした,matsushita
溝口,みぞぐち,mizoguchi
高山,たかやま,takayama
藤崎,ふじさき,fujisaki
平野,ひらの,hirano
仲田,なかた,nakata
倉田,くらた,kurata
田島,たじま,tajima
本山,ほんやま,honnyama
高山,たかやま,takayama
若松,わかまつ,wakamatsu
中尾,なかお,nakao
吉沢,よしざわ,yoshizawa
高嶋,たかしま,takashima
岩本,いわもと,iwamoto
石野,いしの,ishino
河田,かわた,kawata
大後,おおご,oogo
日高,ひだか,hidaka
山田,やまだ,yamada
植松,うえまつ,uematsu
磯野,いその,isono
山内,やまのうち,yamanouchi
相田,あいだ,aida
志賀,しが,shiga
荻野,おぎの,ogino
鶴田,つるた,tsuruta
寺田,てらだ,terada
村上,むらかみ,murakami
町田,まちだ,machida
多岐川,たきがわ,takigawa
古田,ふるた,furuta
石野,いしの,ishino
寺井,てらい,terai
緒方,おがた,ogata
滝,たき,taki
塩谷,しおや,shioya
高島,たかしま,takashima
松居,まつい,matsui
毛利,もうり,mouri
横田,よこた,yokota
松元,まつもと,matsumoto
赤木,あかぎ,akagi
早美,はやみ,hayami
大田,おおた,oota
三浦,みうら,miura
久保田,くぼた,kubota
相原,あいはら,aihara
酒井,さかい,sakai
関根,せきね,sekine
辻本,つじもと,tsujimoto
浅田,あさだ,asada
川上,かわかみ,kawakami
河内,かわうち,kawauchi
中谷,なかたに,nakatani
平井,ひらい,hirai
梅沢,うめざわ,umezawa
浦野,うらの,urano
小栗,おぐり,oguri
池畑,いけはた,ikehata
田辺,たなべ,tanabe
矢口,やぐち,yaguchi
平川,ひらかわ,hirakawa
西川,にしかわ,nishikawa
橘,たちばな,tachibana
片桐,かたぎり,katagiri
笠井,かさい,kasai
角田,かどた,kadota
藤原,ふじわら,fujiwara
松岡,まつおか,matsuoka
金丸,かなまる,kanamaru
寺岡,てらおか,teraoka
亀山,かめやま,kameyama
水野,みずの,mizuno
岡崎,おかざき,okazaki
平賀,ひらが,hiraga
羽田,はだ,hada
矢田,やだ,yada
野田,のだ,noda
滝,たき,taki
真田,さなだ,sanada
長澤,ながさわ,nagasawa
武藤,むとう,mutou
村上,むらかみ,murakami
竹村,たけむら,takemura
大塚,おおつか,ootsuka
正木,まさき,masaki
中野,なかの,nakano
平山,ひらやま,hirayama
白井,しらい,shirai
阪口,さかぐち,sakaguchi
宮原,みやはら,miyahara
池田,いけだ,ikeda
滝沢,たきざわ,takizawa
山本,やまもと,yamamoto
成田,なりた,narita
正木,まさき,masaki
坂本,さかもと,sakamoto
上原,うえはら,uehara
川瀬,かわせ,kawase
岩佐,いわさ,iwasa
小峰,こみね,komine
森井,もりい,morii
福士,ふくし,fukushi
奥寺,おくでら,okudera
久保田,くぼた,kubota
石井,いしい,ishii
成海,なるみ,narumi
守屋,もりや,moriya
三枝,さんし,sannshi
宮坂,みやさか,miyasaka
長谷,ながや,nagaya
川村,かわむら,kawamura
藤原,ふじわら,fujiwara
長岡,ながおか,nagaoka
瀬川,せがわ,segawa
滝沢,たきざわ,takizawa
小田島,おだじま,odajima
美木,みき,miki
梅沢,うめざわ,umezawa
楠本,くすもと,kusumoto
赤坂,あかさか,akasaka
森永,もりなが,morinaga
三村,みむら,mimura
石倉,いしくら,ishikura
福沢,ふくざわ,fukuzawa
小町,こまち,komachi
久保,くぼ,kubo
池畑,いけはた,ikehata
杉村,すぎむら,sugimura
片山,かたやま,katayama
ともさか,ともさか,tomosaka
田川,たがわ,tagawa
北野,きたの,kitano
満島,みつしま,mitsushima
氏家,うじいえ,ujiie
河西,かわにし,kawanishi
川原,かわはら,kawahara
岩井,いわい,iwai
中野,なかの,nakano
西野,にしの,nishino
熊井,くまい,kumai
大井,おおい,ooi
城咲,しろさき,shirosaki
吉本,よしもと,yoshimoto
井上,いのうえ,inoue
玉城,たまき,tamaki
金山,かなやま,kanayama
富樫,とがし,togashi
今村,いまむら,imamura
吉崎,よしざき,yoshizaki
水川,みずかわ,mizukawa
下村,しもむら,shimomura
高橋,たかはし,takahashi
諏訪,すわ,suwa
ト字,とじ,toji
今田,いまだ,imada
秋山,あきやま,akiyama
米沢,よねざわ,yonezawa
西村,にしむら,nishimura
田辺,たなべ,tanabe
高尾,たかお,takao
松川,まつかわ,matsukawa
古川,ふるかわ,furukawa
飛田,ひだ,hida
海野,うみの,umino
森島,もりしま,morishima
栗林,くりばやし,kuribayashi
谷川,たにかわ,tanikawa
金田,かねだ,kaneda
大友,おおとも,ootomo
藤野,ふじの,fujino
岩井,いわい,iwai
沼田,ぬまた,numata
田口,たぐち,taguchi
島崎,しまざき,shimazaki
森下,もりした,morishita
小堀,こほり,kohori
小柳,こやなぎ,koyanagi
倉田,くらた,kurata
石原,いしはら,ishihara
長浜,ながはま,nagahama
鶴田,つるた,tsuruta
磯野,いその,isono
脇田,わきた,wakita
長尾,ながお,nagao
川田,かわた,kawata
奥寺,おくでら,okudera
関,せき,seki
宮城,みやぎ,miyagi
中田,なかた,nakata
根本,ねもと,nemoto
野中,のなか,nonaka
下山,しもやま,shimoyama
大地,おおち,oochi
荒井,あらい,arai
島村,しまむら,shimamura
山西,やまにし,yamanishi
安倍,あべ,abe
荻原,はぎわら,hagiwara
松岡,まつおか,matsuoka
原口,はらぐち,haraguchi
玉井,たまい,tamai
佐野,さの,sano
貫地谷,かんじや,kanjiya
富田,とみた,tomita
早坂,はやさか,hayasaka
秋元,あきもと,akimoto
海老原,えびはら,ebihara
吉田,よしだ,yoshida
熊沢,くまさわ,kumasawa
杉山,すぎやま,sugiyama
松田,まつだ,matsuda
大槻,おおつき,ootsuki
村田,むらた,murata
川村,かわむら,kawamura
三宅,みやけ,miyake
今泉,いまいずみ,imaizumi
岩佐,いわさ,iwasa
栗林,くりばやし,kuribayashi
村瀬,むらせ,murase
久保,くぼ,kubo
高沢,たかさわ,takasawa
小峰,こみね,komine
岸本,きしもと,kishimoto
西井,にしい,nishii
唐沢,からさわ,karasawa
岡本,おかもと,okamoto
金山,かなやま,kanayama
奥山,おくやま,okuyama
堀,ほり,hori
平賀,ひらが,hiraga
畑中,はたなか,hatanaka
杉原,すぎはら,sugihara
長谷部,はせべ,hasebe
平,たいら,taira
新井,あらい,arai
石田,いしだ,ishida
水上,みずかみ,mizukami
渡辺,わたなべ,watanabe
下川,しもかわ,shimokawa
畠中,はたなか,hatanaka
桜井,さくらい,sakurai
平山,ひらやま,hirayama
長沢,ながさわ,nagasawa
三上,みかみ,mikami
藤澤,ふじさわ,fujisawa
吹石,ふきいし,fukiishi
豊原,とよはら,toyohara
岩田,いわた,iwata
久保田,くぼた,kubota
三宅,みやけ,miyake
原口,はらぐち,haraguchi
池内,いけうち,ikeuchi
岡田,おかだ,okada
川畑,かわはた,kawahata
根本,ねもと,nemoto
古川,ふるかわ,furukawa
石沢,いしざわ,ishizawa
林田,はやしだ,hayashida
宍戸,ししど,shishido
菅井,すがい,sugai
前田,まえだ,maeda
原,はら,hara
柴咲,しばさき,shibasaki
相川,あいかわ,aikawa
渋谷,しぶや,shibuya
芦田,あしだ,ashida
佐藤,さとう,satou
恩田,おんだ,onnda
平塚,ひらつか,hiratsuka
唐沢,からさわ,karasawa
谷口,たにぐち,taniguchi
依田,よりた,yorita
花田,はなだ,hanada
坂野,いたの,itano
西原,にしはら,nishihara
諏訪,すわ,suwa
米倉,よねくら,yonekura
山野,やまの,yamano
牧,まき,maki
大森,おおもり,oomori
松村,まつむら,matsumura
小松,こまつ,komatsu
福士,ふくし,fukushi
石渡,いしわたり,ishiwatari
星野,ほしの,hoshino
大後,おおご,oogo
小口,おぐち,oguchi
岩田,いわた,iwata
玉木,たまき,tamaki
原,はら,hara
和田,わだ,wada
長友,ながとも,nagatomo
北沢,きたざわ,kitazawa
今村,いまむら,imamura
山元,やまもと,yamamoto
諏訪,すわ,suwa
沖田,おきた,okita
野中,のなか,nonaka
対馬,つしま,tsushima
安藤,あんどう,anndou
杉村,すぎむら,sugimura
西,にし,nishi
藤原,ふじわら,fujiwara
神戸,こうべ,koube
吉永,よしなが,yoshinaga
黒沢,くろさわ,kurosawa
小畑,おばた,obata
宮脇,みやわき,miyawaki
多部,たべ,tabe
石原,いしはら,ishihara
相馬,あいば,aiba
平林,ひらばやし,hirabayashi
中山,なかやま,nakayama
藤,ふじ,fuji
新垣,あらがき,aragaki
井沢,いざわ,izawa
神木,かみき,kamiki
浅田,あさだ,asada
北条,ほうじょう,houjou
下田,しもだ,shimoda
白鳥,しらとり,shiratori
門田,かどた,kadota
富樫,とがし,togashi
神保,じんぼ,jinbo
白鳥,しらとり,shiratori
山下,やました,yamashita
狩野,かの,kano
荻野,おぎの,ogino
佐川,さがわ,sagawa
二宮,にのみや,ninomiya
黒沢,くろさわ,kurosawa
内海,うちみ,uchimi
寺岡,てらおか,teraoka
近藤,こんどう,konndou
今田,いまだ,imada
神木,かみき,kamiki
堀北,ほりきた,horikita
難波,なんば,nannba
木原,きはら,kihara
中園,なかぞの,nakazono
栗林,くりばやし,kuribayashi
今野,いまの,imano
吉永,よしなが,yoshinaga
芹沢,せりざわ,serizawa
綾瀬,あやせ,ayase
桑原,くわばら,kuwabara
安井,やすい,yasui
百瀬,ももせ,momose
猪股,いのまた,inomata
井本,いもと,imoto
藤澤,ふじさわ,fujisawa
熊沢,くまさわ,kumasawa
吹越,ふきこし,fukikoshi
浅倉,あさくら,asakura
井手,いで,ide
釈,しゃく,shaku
笹原,ささはら,sasahara
広瀬,ひろせ,hirose
鶴岡,つるおか,tsuruoka
亀田,かめだ,kameda
林田,はやしだ,hayashida
奥村,おくむら,okumura
畑中,はたなか,hatanaka
大石,おおいし,ooishi
杉野,すぎの,sugino
三井,みつい,mitsui
野中,のなか,nonaka
熊井,くまい,kumai
沼田,ぬまた,numata
渡部,わたべ,watabe
村岡,むらおか,muraoka
高沢,たかさわ,takasawa
桜井,さくらい,sakurai
板垣,いたがき,itagaki
小寺,こでら,kodera
安藤,あんどう,ando
福田,ふくだ,fukuda
杉村,すぎむら,sugimura
吉井,よしい,yoshii
星,ほし,hoshi
柄本,えもと,emoto
坂本,さかもと,sakamoto
大原,おおはら,oohara
堤,つつみ,tsutsumi
岡島,おかじま,okajima
松田,まつだ,matsuda
横川,よこかわ,yokokawa
那須,なす,nasu
秦,はた,hata
稲田,いなだ,inada
村岡,むらおか,muraoka
森永,もりなが,morinaga
松木,まつき,matsuki
井川,いがわ,igawa
高村,たかむら,takamura
中山,なかやま,nakayama
梅村,うめむら,umemura
田村,たむら,tamura
立石,たちいし,tachiishi
庄司,しょうじ,shouji
井原,いはら,ihara
長谷部,はせべ,hasebe
内野,うちの,uchino
石沢,いしざわ,ishizawa
福山,ふくやま,fukuyama
田中,たなか,tanaka
小松,こまつ,komatsu
菅沼,すがぬま,suganuma
藤田,ふじた,fujita
久保田,くぼた,kubota
堀越,ほりこし,horikoshi
緒方,おがた,ogata
黒谷,くろたに,kurotani
秋山,あきやま,akiyama
菅野,すがの,sugano
窪塚,くぼづか,kuboduka
吹石,ふきいし,fukiishi
柴咲,しばさき,shibasaki
大崎,おおさき,oosaki
沢村,さわむら,sawamura
前川,まえかわ,maekawa
青山,あおやま,aoyama
横井,よこい,yokoi
寺井,てらい,terai
益田,ますだ,masuda
岩村,いわむら,iwamura
一青,ひとと,hitoto
勝地,かつぢ,katsudi
宮里,みやざと,miyazato
尾崎,おざき,ozaki
沢尻,さわじり,sawajiri
矢野,やの,yano
加藤,かとう,katou
山本,やまもと,yamamoto
菅野,すがの,sugano
ユースケ,ゆーすけ,yusuke
川村,かわむら,kawamura
浜田,はまだ,hamada
北条,ほうじょう,houjou
並木,なみき,namiki
山上,やまがみ,yamagami
沢井,さわい,sawai
井本,いもと,imoto
福永,ふくなが,fukunaga
平田,ひらた,hirata
玉木,たまき,tamaki
熊井,くまい,kumai
小池,こいけ,koike
瀬戸,せと,seto
荒川,あらかわ,arakawa
柄本,えもと,emoto
神野,かみの,kamino
村岡,むらおか,muraoka
水谷,みずたに,mizutani
パンツェッタ,ぱんつぇった,panzetta
田原,たはら,tahara
遠藤,えんどう,enndou
柴田,しばた,shibata
奥寺,おくでら,okudera
進藤,しんどう,shinndou
竹中,たけなか,takenaka
清田,きよた,kiyota
神田,かんだ,kannda
太田,おおた,oota
望月,もちづき,mochiduki
宮田,みやた,miyata
木戸,きど,kido
井田,いだ,ida
遠山,とおやま,tooyama
浅倉,あさくら,asakura
倉田,くらた,kurata
片瀬,かたせ,katase
今井,いまい,imai
足立,あだち,adachi
上田,うえだ,ueda
小谷,こたに,kotani
真田,さなだ,sanada
鹿手袋,しかてぶくろ,shikatebukuro
草村,くさむら,kusamura
高崎,たかさき,takasaki
酒井,さかい,sakai
梅田,うめだ,umeda
高山,たかやま,takayama
田代,たしろ,tashiro
米沢,よねざわ,yonezawa
安,やす,yasu
滝口,たきぐち,takiguchi
谷,たに,tani
小野,おの,ono
橋本,はしもと,hashimoto
小野寺,おのでら,onodera
田口,たぐち,taguchi
和田,わだ,wada
上野,うえの,ueno
飯野,いいの,iino
深沢,ふかざわ,fukazawa
金沢,かねざわ,kanezawa
島津,しまづ,shimadu
高沢,たかさわ,takasawa
浜野,はまの,hamano
矢口,やぐち,yaguchi
明石,あかし,akashi
黒川,くろかわ,kurokawa
高見,たかみ,takami
谷口,たにぐち,taniguchi
白川,しらかわ,shirakawa
加納,かのう,kanou
益岡,ますおか,masuoka
菅澤,すがさわ,sugasawa
高野,たかの,takano
池田,いけだ,ikeda
澤田,さわだ,sawada
大島,おおしま,ooshima
浅野,あさの,asano
落合,おちあい,ochiai
樋口,ひぐち,higuchi
小原,おはら,ohara
沖,おき,oki
安,やす,yasu
宮部,みやべ,miyabe
堀内,ほりうち,horiuchi
木田,きだ,kida
橋爪,はしづめ,hashidume
明石,あかし,akashi
児玉,こだま,kodama
西秋,にしあき,nishiaki
新垣,あらがき,aragaki
小笠原,おがさわら,ogasawara
高岡,たかおか,takaoka
黒崎,くろさき,kurosaki
玉木,たまき,tamaki
松浦,まつうら,matsuura
木村,きむら,kimura
川端,かわばた,kawabata
中川,なかがわ,nakagawa
青木,あおき,aoki
香川,かがわ,kagawa
和泉,わいずみ,waizumi
八十田,やそだ,yasoda
内野,うちの,uchino
伊藤,いとう,itou
佐竹,さたけ,satake
滝,たき,taki
岡本,おかもと,okamoto
村瀬,むらせ,murase
福本,ふくもと,fukumoto
松岡,まつおか,matsuoka
板垣,いたがき,itagaki
黒沢,くろさわ,kurosawa
越智,おち,ochi
下山,しもやま,shimoyama
内野,うちの,uchino
栗原,くりはら,kurihara
有賀,ありが,ariga
長瀬,ながせ,nagase
向井,むらい,murai
志賀,しが,shiga
勝田,かつだ,katsuda
片瀬,かたせ,katase
原,はら,hara
横田,よこた,yokota
川西,かわにし,kawanishi
杉野,すぎの,sugino
前島,まえじま,maejima
板倉,いたくら,itakura
柄本,えもと,emoto
村中,むらなか,muranaka
米沢,よねざわ,yonezawa
北川,きたかわ,kitakawa
高井,たかい,takai
黒谷,くろたに,kurotani
浦野,うらの,urano
谷川,たにかわ,tanikawa
岩井,いわい,iwai
秦,はた,hata
八十田,やそだ,yasoda
細谷,ほそや,hosoya
立花,たちばな,tachibana
松木,まつき,matsuki
坂東,ばんとう,banntou
水嶋,みずしま,mizushima
立川,たちかわ,tachikawa
平松,ひらまつ,hiramatsu
松山,まつやま,matsuyama
重田,しげた,shigeta
栗原,くりはら,kurihara
堤,つつみ,tsutsumi
杉山,すぎやま,sugiyama
羽田,はた,hata
勝田,かつだ,katsuda
小坂,こざか,kozaka
山野,やまの,yamano
瀬戸,せと,seto
福原,ふくはら,fukuhara
立川,たちかわ,tachikawa
曽根,そね,sone
木村,きむら,kimura
川上,かわかみ,kawakami
熊谷,くまがや,kumagaya
仲村,なかむら,nakamura
矢島,やじま,yajima
井上,いのうえ,inoue
麻生,あそう,asou
渡辺,わたなべ,watanabe
米田,よねだ,yoneda
藤村,ふじむら,fujimura
根岸,ねぎし,negishi
細野,ほその,hosono
小平,こひら,kohira
西浦,にしうら,nishiura
川瀬,かわせ,kawase
池田,いけだ,ikeda
大島,おおしま,ooshima
入江,いりえ,irie
松井,まつい,matsui
内村,うちむら,uchimura
新垣,にいがき,niigaki
池内,いけうち,ikeuchi
鶴岡,つるおか,tsuruoka
仲村,なかむら,nakamura
小柳,こやなぎ,koyanagi
三枝,さんし,sannshi
藤本,ふじもと,fujimoto
島本,しまもと,shimamoto
久野,ひさの,hisano
米沢,よねざわ,yonezawa
大林,おおばやし,oobayashi
染谷,そめや,someya
阪口,さかぐち,sakaguchi
阿久津,あくつ,akutsu
宮原,みやはら,miyahara
永山,ながやま,nagayama
永島,ながしま,nagashima
前島,まえじま,maejima
長谷部,はせべ,hasebe
倉田,くらた,kurata
藤田,ふじた,fujita
結城,ゆうき,yuuki
渋谷,しぶや,shibuya
西口,にしぐち,nishiguchi
葛山,かつらやま,katsurayama
川越,かわごえ,kawagoe
鹿手袋,しかてぶくろ,shikatebukuro
西尾,にしお,nishio
湯浅,ゆあさ,yuasa
村中,むらなか,muranaka
渡辺,わたなべ,watanabe
浜野,はまの,hamano
榊原,さかきばら,sakakibara
栗田,くりた,kurita
浅倉,あさくら,asakura
宇都宮,うつのみや,utsunomiya
亀山,かめやま,kameyama
落合,おちあい,ochiai
浜野,はまの,hamano
白川,しらかわ,shirakawa
志村,しむら,shimura
若槻,わかつき,wakatsuki
前川,まえかわ,maekawa
森田,もりた,morita
阪本,さかもと,sakamoto
小日向,こひなた,kohinata
中島,なかしま,nakashima
大野,おおの,oono
市川,いちかわ,ichikawa
塚本,つかもと,tsukamoto
渡部,わたべ,watabe
今,こん,kon
磯野,いその,isono
小玉,こだま,kodama
荒井,あらい,arai
阿部,あべ,abe
前川,まえかわ,maekawa
植松,うえまつ,uematsu
毛利,もうり,mouri
大河内,おおこうち,ookouchi
玉置,たまき,tamaki
馬場,ばば,baba
釈,しゃく,shaku
小関,こぜき,kozeki
山上,やまがみ,yamagami
田村,たむら,tamura
長崎,ながさき,nagasaki
野田,のだ,noda
北,きた,kita
森田,もりた,morita
満島,みつしま,mitsushima
筧,かけい,kakei
牧,まき,maki
近藤,こんどう,konndou
西野,にしの,nishino
福田,ふくだ,fukuda
松岡,まつおか,matsuoka
小川,おがわ,ogawa
沼田,ぬまた,numata
塩谷,しおや,shioya
秦,はた,hata
真矢,まや,maya
神崎,かんざき,kannzaki
中尾,なかお,nakao
中尾,なかお,nakao
赤坂,あかさか,akasaka
橋本,はしもと,hashimoto
高島,たかしま,takashima
岩本,いわもと,iwamoto
橋爪,はしづめ,hashidume
富田,とみた,tomita
横川,よこかわ,yokokawa
春日,かすが,kasuga
落合,おちあい,ochiai
藤,ふじ,fuji
緒形,おがた,ogata
大河内,おおこうち,ookouchi
清田,きよた,kiyota
板垣,いたがき,itagaki
福田,ふくだ,fukuda
菊田,きくた,kikuta
雨宮,あまみや,amamiya
岸本,きしもと,kishimoto
吉川,きっかわ,kikkawa
杉原,すぎはら,sugihara
土谷,つちや,tsuchiya
岡山,おかやま,okayama
松田,まつだ,matsuda
宮里,みやざと,miyazato
鈴木,すずき,suzuki
若松,わかまつ,wakamatsu
磯村,いそむら,isomura
西秋,にしあき,nishiaki
飯田,いいだ,iida
山根,やまね,yamane
浅見,あさみ,asami
川上,かわかみ,kawakami
尾崎,おざき,ozaki
水野,みずの,mizuno
若松,わかまつ,wakamatsu
大河内,おおこうち,ookouchi
小森,こもり,komori
柳沢,やなぎさわ,yanagisawa
美輪,みわ,miwa
武藤,むとう,mutou
鬼頭,きとう,kitou
星,ほし,hoshi
佐伯,さえき,saeki
岡田,おかだ,okada
神木,かみき,kamiki
宇多田,うただ,utada
藤岡,ふじおか,fujioka
松永,まつなが,matsunaga
中里,なかざと,nakazato
吉野,よしの,yoshino
田尻,たじり,tajiri
島田,しまだ,shimada
中川,なかがわ,nakagawa
結城,ゆうき,yuuki
益岡,ますおか,masuoka
森,もり,mori
野田,のだ,noda
大泉,おおいずみ,ooizumi
大林,おおばやし,oobayashi
妻夫木,つまぶき,tsumabuki
菅原,すがわら,sugawara
沢村,さわむら,sawamura
深谷,ふかや,fukaya
南,みなみ,minami
寺岡,てらおか,teraoka
大和田,おおわだ,oowada
守屋,もりや,moriya
高野,たかの,takano
吉村,よしむら,yoshimura
矢部,やべ,yabe
山形,やまがた,yamagata
川畑,かわはた,kawahata
牧瀬,まきせ,makise
富永,とみなが,tominaga
佐藤,さとう,satou
豊島,とよしま,toyoshima
角,すみ,sumi
宇都宮,うつのみや,utsunomiya
坂上,さかがみ,sakagami
大山,おおやま,ooyama
栗田,くりた,kurita
田代,たしろ,tashiro
大浦,おおうら,ooura
前田,まえだ,maeda
北村,きたむら,kitamura
神山,かみやま,kamiyama
沖田,おきた,okita
福地,ふくち,fukuchi
熊井,くまい,kumai
梶原,かじわら,kajiwara
平井,ひらい,hirai
福沢,ふくざわ,fukuzawa
青山,あおやま,aoyama
大熊,おおくま,ookuma
大西,おおにし,oonishi
橘,たちばな,tachibana
有田,ありた,arita
浜田,はまだ,hamada
森,もり,mori
小川,おがわ,ogawa
境,さかい,sakai
綾瀬,あやせ,ayase
古谷,ふるたに,furutani
宮脇,みやわき,miyawaki
高尾,たかお,takao
島津,しまづ,shimadu
安田,やすだ,yasuda
秋山,あきやま,akiyama
安倍,あべ,abe
牧瀬,まきせ,makise
秋田,あきた,akita
浜口,はまぐち,hamaguchi
大竹,おおたけ,ootake
柳,やなぎ,yanagi
中田,なかた,nakata
秋本,あきもと,akimoto
丸山,まるやま,maruyama
深谷,ふかや,fukaya
鬼頭,きとう,kitou
内田,うちだ,uchida
根本,ねもと,nemoto
渡辺,わたなべ,watanabe
江川,えがわ,egawa
平井,ひらい,hirai
哀川,あいかわ,aikawa
寺井,てらい,terai
黒岩,くろいわ,kuroiwa
森岡,もりおか,morioka
梅村,うめむら,umemura
新垣,にいがき,niigaki
藤,ふじ,fuji
浅倉,あさくら,asakura
川上,かわかみ,kawakami
難波,なんば,nannba
梅沢,うめざわ,umezawa
川西,かわにし,kawanishi
寺島,てらじま,terajima
小平,こひら,kohira
岡部,おかべ,okabe
多部,たべ,tabe
三枝,さんし,sannshi
栗原,くりはら,kurihara
大泉,おおいずみ,ooizumi
池田,いけだ,ikeda
松原,まつばら,matsubara
中川,なかがわ,nakagawa
伊集院,いじゅういん,ijuuin
本田,ほんだ,honnda
大和田,おおわだ,oowada
坂元,さかもと,sakamoto
橋本,はしもと,hashimoto
窪田,くぼた,kubota
河野,こうの,kouno
梅田,うめだ,umeda
河合,かわい,kawai
高倉,たかくら,takakura
菅,すが,suga
芳賀,はが,haga
中川,なかがわ,nakagawa
大村,おおむら,oomura
益岡,ますおか,masuoka
瀬戸,せと,seto
岩淵,いわぶち,iwabuchi
砂川,すなかわ,sunakawa
徳永,とくなが,tokunaga
福原,ふくはら,fukuhara
石崎,いしざき,ishizaki
水上,みずかみ,mizukami
都築,つづき,tsuduki
釈,しゃく,shaku
宇田川,うだがわ,udagawa
上野,うえの,ueno
高橋,たかはし,takahashi
落合,おちあい,ochiai
足立,あだち,adachi
小杉,こすぎ,kosugi
塩沢,しおざわ,shiozawa
今村,いまむら,imamura
清野,きよの,kiyono
長谷川,はせがわ,hasegawa
畠中,はたなか,hatanaka
飯田,いいだ,iida
杉村,すぎむら,sugimura
菅野,すがの,sugano
福原,ふくはら,fukuhara
奥田,おくだ,okuda
浅田,あさだ,asada
鈴木,すずき,suzuki
山形,やまがた,yamagata
田沢,たざわ,tazawa
戸田,とだ,toda
柳家,やなぎや,yanagiya
松井,まつい,matsui
角,すみ,sumi
渡辺,わたなべ,watanabe
前川,まえかわ,maekawa
麻生,あそう,asou
菅野,かんの,kanno
藤野,ふじの,fujino
朝倉,あさくら,asakura
目黒,めぐろ,meguro
乾,いぬい,inui
吉野,よしの,yoshino
手塚,てづか,teduka
宮本,みやもと,miyamoto
奥,おく,oku
永島,ながしま,nagashima
松永,まつなが,matsunaga
杉浦,すぎうら,sugiura
相原,あいはら,aihara
福永,ふくなが,fukunaga
富田,とみた,tomita
北村,きたむら,kitamura
福田,ふくだ,fukuda
城田,しろた,shirota
藤沢,ふじさわ,fujisawa
宇野,うの,uno
宮城,みやぎ,miyagi
関根,せきね,sekine
石橋,いしばし,ishibashi
曽我,そが,soga
長浜,ながはま,nagahama
有馬,ありま,arima
大崎,おおさき,oosaki
横川,よこかわ,yokokawa
大貫,おおぬき,oonuki
森口,もりぐち,moriguchi
津田,つだ,tsuda
岸本,きしもと,kishimoto
小沢,おざわ,ozawa
宮川,みやかわ,miyakawa
緒形,おがた,ogata
尾崎,おざき,ozaki
梅津,うめづ,umedu
勝地,かつぢ,katsudi
柳川,やながわ,yanagawa
西村,にしむら,nishimura
馬場,ばば,baba
前原,まえはら,maehara
木村,きむら,kimura
日比野,ひびの,hibino
桑田,くわた,kuwata
望月,もちづき,mochiduki
立石,たちいし,tachiishi
柳沢,やなぎさわ,yanagisawa
細山,ほそやま,hosoyama
三浦,みうら,miura
久野,ひさの,hisano
中園,なかぞの,nakazono
鬼頭,きとう,kitou
川辺,かわべ,kawabe
堀江,ほりえ,horie
有田,ありた,arita
堀越,ほりこし,horikoshi
河野,こうの,kouno
長澤,ながさわ,nagasawa
瀬川,せがわ,segawa
丹野,たんの,tannno
森山,もりやま,moriyama
米谷,よねや,yoneya
畑,はたけ,hatake
児島,こじま,kojima
沢,さわ,sawa
有賀,ありが,ariga
岩本,いわもと,iwamoto
島田,しまだ,shimada
柄本,えもと,emoto
長谷川,はせがわ,hasegawa
鈴木,すずき,suzuki
相原,あいはら,aihara
山瀬,やませ,yamase
外山,そとやま,sotoyama
猪股,いのまた,inomata
尾上,おがみ,ogami
坪井,つぼい,tsuboi
勝田,かつだ,katsuda
楠本,くすもと,kusumoto
坂東,ばんとう,banntou
照井,てるい,terui
萩原,はぎわら,hagiwara
島田,しまだ,shimada
西岡,にしおか,nishioka
中塚,なかづか,nakaduka
矢作,やはぎ,yahagi
森下,もりした,morishita
沼田,ぬまた,numata
三上,みかみ,mikami
大島,おおしま,ooshima
石橋,いしばし,ishibashi
新村,にいむら,niimura
仲村,なかむら,nakamura
小川,おがわ,ogawa
古川,ふるかわ,furukawa
米山,よねやま,yoneyama
森口,もりぐち,moriguchi
峰,みね,mine
西島,にしじま,nishijima
荒井,あらい,arai
喜多,きた,kita
今野,いまの,imano
高沢,たかさわ,takasawa
坂田,さかた,sakata
笹川,ささがわ,sasagawa
伊集院,いじゅういん,ijuuin
鈴木,すずき,suzuki
田上,たうえ,taue
福田,ふくだ,fukuda
都築,つづき,tsuduki
坂上,さかがみ,sakagami
川辺,かわべ,kawabe
川崎,かわさき,kawasaki
安田,やすだ,yasuda
筧,かけい,kakei
菅澤,すがさわ,sugasawa
北条,ほうじょう,houjou
石田,いしだ,ishida
高谷,たかや,takaya
森永,もりなが,morinaga
大和,やまと,yamato
園田,そのだ,sonoda
大友,おおとも,ootomo
山内,やまのうち,yamanouchi
田淵,たぶち,tabuchi
中尾,なかお,nakao
石沢,いしざわ,ishizawa
神原,かんばら,kannbara
岡田,おかだ,okada
玉田,たまだ,tamada
仲田,なかた,nakata
鳥居,とりい,torii
角谷,かどたに,kadotani
北田,きただ,kitada
荻野,おぎの,ogino
ト字,とじ,toji
小口,おぐち,oguchi
矢口,やぐち,yaguchi
浅倉,あさくら,asakura
広川,ひろかわ,hirokawa
川井,かわい,kawai
大浦,おおうら,ooura
村中,むらなか,muranaka
野沢,のざわ,nozawa
池内,いけうち,ikeuchi
寺岡,てらおか,teraoka
大浦,おおうら,ooura
山上,やまがみ,yamagami
中原,なかはら,nakahara
増井,ますい,masui
宇田川,うだがわ,udagawa
三原,みはら,mihara
半田,はんだ,hannda
野上,のがみ,nogami
橋本,はしもと,hashimoto
三谷,みたに,mitani
平川,ひらかわ,hirakawa
北山,きたやま,kitayama
大和田,おおわだ,oowada
岡,おか,oka
近藤,こんどう,kondou
瀬戸,せと,seto
高崎,たかさき,takasaki
伊丹,いたみ,itami
杉原,すぎはら,sugihara
河内,かわうち,kawauchi
木田,きだ,kida
喜多,きた,kita
北山,きたやま,kitayama
熊谷,くまがや,kumagaya
岩田,いわた,iwata
宮迫,みやさこ,miyasako
上野,うえの,ueno
首藤,すどう,sudou
吉永,よしなが,yoshinaga
下田,しもだ,shimoda
石橋,いしばし,ishibashi
深井,ふかい,fukai
ほしの,ほしの,hoshino
高畑,たかはた,takahata
石井,いしい,ishii
福田,ふくだ,fukuda
平良,ひらら,hirara
浅田,あさだ,asada
青木,あおき,aoki
塚本,つかもと,tsukamoto
山野,やまの,yamano
金井,かない,kanai
山中,やまなか,yamanaka
山形,やまがた,yamagata
神木,かみき,kamiki
鈴木,すずき,suzuki
井上,いのうえ,inoue
松井,まつい,matsui
川瀬,かわせ,kawase
足立,あだち,adachi
石橋,いしばし,ishibashi
山野,やまの,yamano
藤井,ふじい,fujii
浅見,あさみ,asami
藤原,ふじわら,fujiwara
毛利,もうり,mouri
野際,のぎわ,nogiwa
宮沢,みやざわ,miyazawa
植田,うえた,ueta
大原,おおはら,oohara
岡田,おかだ,okada
勝田,かつだ,katsuda
田原,たはら,tahara
石塚,いしづか,ishiduka
宇田川,うだがわ,udagawa
河合,かわい,kawai
半田,はんだ,hannda
池上,いけがみ,ikegami
西本,にしもと,nishimoto
とよた,とよた,toyota
大塚,おおつか,ootsuka
武藤,むとう,mutou
桜井,さくらい,sakurai
志村,しむら,shimura
飯田,いいだ,iida
藤村,ふじむら,fujimura
植松,うえまつ,uematsu
森下,もりした,morishita
榊原,さかきばら,sakakibara
大倉,おおくら,ookura
島津,しまづ,shimadu
細井,ほそい,hosoi
真田,さなだ,sanada
玉山,たまやま,tamayama
仲田,なかた,nakata
天野,あまの,amano
飯田,いいだ,iida
戸田,とだ,toda
椎名,しいな,shiina
戎,えびす,ebisu
守屋,もりや,moriya
太田,おおた,oota
岡崎,おかざき,okazaki
藤島,ふじしま,fujishima
浜田,はまだ,hamada
桜井,さくらい,sakurai
沖田,おきた,okita
益田,ますだ,masuda
中川,なかがわ,nakagawa
小菅,こすげ,kosuge
坂東,ばんとう,banntou
永野,ながの,nagano
稲葉,いなば,inaba
小田島,おだじま,odajima
香椎,かしい,kashii
本田,ほんだ,honnda
足立,あだち,adachi
金児,かねこ,kaneko
内田,うちだ,uchida
岩本,いわもと,iwamoto
上田,うえだ,ueda
三輪,みわ,miwa
鳥居,とりい,torii
新谷,あらや,araya
角田,かどた,kadota
瀬尾,せお,seo
竹田,たけだ,takeda
若杉,わかすぎ,wakasugi
辻,つじ,tsuji
磯野,いその,isono
宮野,みやの,miyano
清田,きよた,kiyota
吉岡,よしおか,yoshioka
奥野,おくの,okuno
小川,おがわ,ogawa
松原,まつばら,matsubara
早川,はやかわ,hayakawa
磯部,いそべ,isobe
富山,とみやま,tomiyama
篠崎,しのざき,shinozaki
岩崎,いわさき,iwasaki
杉村,すぎむら,sugimura
南部,なんぶ,nannbu
川越,かわごえ,kawagoe
横田,よこた,yokota
今田,いまだ,imada
若林,わかばやし,wakabayashi
北沢,きたざわ,kitazawa
森口,もりぐち,moriguchi
森下,もりした,morishita
三宅,みやけ,miyake
浜崎,はまさき,hamasaki
黒田,くろた,kurota
小松,こまつ,komatsu
江口,えぐち,eguchi
堀内,ほりうち,horiuchi
石黒,いしぐろ,ishiguro
東,ひがし,higashi
小高,こだか,kodaka
小川,おがわ,ogawa
桜井,さくらい,sakurai
哀川,あいかわ,aikawa
篠田,しのだ,shinoda
榎本,えのもと,enomoto
中野,なかの,nakano
坂上,さかがみ,sakagami
諏訪,すわ,suwa
広川,ひろかわ,hirokawa
筒井,つつい,tsutsui
楠,くすのき,kusunoki
石野,いしの,ishino
牧野,まきの,makino
小池,こいけ,koike
塩谷,しおたに,shiotani
早坂,はやさか,hayasaka
中里,なかざと,nakazato
西尾,にしお,nishio
田端,たばた,tabata
野口,のぐち,noguchi
上田,うえだ,ueda
高島,たかしま,takashima
臼井,うすい,usui
森谷,もりや,moriya
横川,よこかわ,yokokawa
野口,のぐち,noguchi
中尾,なかお,nakao
吉村,よしむら,yoshimura
田原,たはら,tahara
内村,うちむら,uchimura
松島,まつしま,matsushima
杉本,すぎもと,sugimoto
小池,こいけ,koike
乾,いぬい,inui
上原,うえはら,uehara
松谷,まつたに,matsutani
栗田,くりた,kurita
丸山,まるやま,maruyama
市原,いちはら,ichihara
安部,あべ,abe
久野,ひさの,hisano
飛田,ひだ,hida
二宮,にのみや,ninomiya
滝田,たきた,takita
山口,やまぐち,yamaguchi
朝倉,あさくら,asakura
川瀬,かわせ,kawase
斎藤,さいとう,saitou
塚本,つかもと,tsukamoto
城咲,しろさき,shirosaki
木下,きのした,kinoshita
楠,くすのき,kusunoki
阿久津,あくつ,akutsu
柏原,かしわら,kashiwara
長井,ながい,nagai
中野,なかの,nakano
大森,おおもり,oomori
谷口,たにぐち,taniguchi
竹本,たけもと,takemoto
宮迫,みやさこ,miyasako
三原,みはら,mihara
ともさか,ともさか,tomosaka
星,ほし,hoshi
谷川,たにかわ,tanikawa
丹野,たんの,tannno
湊,みなと,minato
寺岡,てらおか,teraoka
久保田,くぼた,kubota
山崎,やまざき,yamazaki
小泉,こいずみ,koizumi
関根,せきね,sekine
岩間,いわま,iwama
船橋,ふなばし,funabashi
米谷,よねや,yoneya
西島,にしじま,nishijima
丹野,たんの,tannno
児島,こじま,kojima
岸,きし,kishi
藤崎,ふじさき,fujisaki
堀口,ほりぐち,horiguchi
北川,きたかわ,kitakawa
野際,のぎわ,nogiwa
村上,むらかみ,murakami
黒田,くろた,kurota
有田,ありた,arita
青山,あおやま,aoyama
梶原,かじわら,kajiwara
木下,きのした,kinoshita
井原,いはら,ihara
三沢,みさわ,misawa
杉原,すぎはら,sugihara
須田,すだ,suda
乾,いぬい,inui
依田,よりた,yorita
村上,むらかみ,murakami
三村,みむら,mimura
神崎,かんざき,kannzaki
阪口,さかぐち,sakaguchi
木原,きはら,kihara
竹中,たけなか,takenaka
東,ひがし,higashi
藤崎,ふじさき,fujisaki
南部,なんぶ,nannbu
玉城,たまき,tamaki
古山,ふるやま,furuyama
三村,みむら,mimura
秋山,あきやま,akiyama
長谷,ながや,nagaya
亀山,かめやま,kameyama
平田,ひらた,hirata
三井,みつい,mitsui
角田,かどた,kadota
阪口,さかぐち,sakaguchi
戸塚,とづか,toduka
河西,かわにし,kawanishi
堀井,ほりい,horii
木原,きはら,kihara
神崎,かんざき,kanzaki
高谷,たかや,takaya
倉本,くらもと,kuramoto
勝又,かつまた,katsumata
小口,おぐち,oguchi
紺野,こんの,konno
矢部,やべ,yabe
相川,あいかわ,aikawa
成海,なるみ,narumi
下川,しもかわ,shimokawa
新村,にいむら,niimura
松下,まつした,matsushita
上原,うえはら,uehara
柴山,しばやま,shibayama
乾,いぬい,inui
亀山,かめやま,kameyama
辻,つじ,tsuji
保坂,ほさか,hosaka
江原,えはら,ehara
北村,きたむら,kitamura
橋本,はしもと,hashimoto
奥寺,おくでら,okudera
布施,ふせ,fuse
池内,いけうち,ikeuchi
島村,しまむら,shimamura
水嶋,みずしま,mizushima
橋口,はしぐち,hashiguchi
細山,ほそやま,hosoyama
梅本,うめもと,umemoto
五味,ごみ,gomi
入江,いりえ,irie
大江,おおえ,ooe
江原,えはら,ehara
城戸,きど,kido
吉永,よしなが,yoshinaga
津田,つだ,tsuda
平良,ひらら,hirara
唐沢,からさわ,karasawa
有田,ありた,arita
梶原,かじわら,kajiwara
松元,まつもと,matsumoto
畠中,はたなか,hatanaka
平岡,ひらおか,hiraoka
黒木,くろき,kuroki
小松,こまつ,komatsu
外山,そとやま,sotoyama
黒川,くろかわ,kurokawa
目黒,めぐろ,meguro
岡田,おかだ,okada
吉永,よしなが,yoshinaga
武,たけ,take
矢田,やだ,yada
有田,ありた,arita
渡部,わたべ,watabe
山内,やまうち,yamauchi
小室,こむろ,komuro
荒川,あらかわ,arakawa
野沢,のざわ,nozawa
加納,かのう,kanou
大木,おおき,ooki
柳,やなぎ,yanagi
村松,むらまつ,muramatsu
成海,なるみ,narumi
小笠原,おがさわら,ogasawara
梅沢,うめざわ,umezawa
玉山,たまやま,tamayama
植松,うえまつ,uematsu
橋口,はしぐち,hashiguchi
大山,おおやま,ooyama
林田,はやしだ,hayashida
野上,のがみ,nogami
中里,なかざと,nakazato
長沢,ながさわ,nagasawa
岸部,きしべ,kishibe
中村,なかむら,nakamura
河原,かわはら,kawahara
小出,こいで,koide
梶原,かじわら,kajiwara
玉木,たまき,tamaki
芦屋,あしや,ashiya
染谷,そめや,someya
杉浦,すぎうら,sugiura
池本,いけもと,ikemoto
沢尻,さわじり,sawajiri
五十嵐,いがらし,igarashi
田代,たしろ,tashiro
ほしの,ほしの,hoshino
平林,ひらばやし,hirabayashi
加納,かのう,kanou
佐々木,ささき,sasaki
安部,あべ,abe
藤村,ふじむら,fujimura
向井,むらい,murai
阪口,さかぐち,sakaguchi
高尾,たかお,takao
松原,まつばら,matsubara
田辺,たなべ,tanabe
栗山,くりやま,kuriyama
大後,おおご,oogo
鶴岡,つるおか,tsuruoka
佐竹,さたけ,satake
黄川田,きかわだ,kikawada
松沢,まつざわ,matsuzawa
辻本,つじもと,tsujimoto
園田,そのだ,sonoda
入江,いりえ,irie
大下,おおした,ooshita
小木,おぎ,ogi
佐藤,さとう,satou
狩野,かの,kano
星野,ほしの,hoshino
小松,こまつ,komatsu
玉田,たまだ,tamada
柳家,やなぎや,yanagiya
村山,むらやま,murayama
高岡,たかおか,takaoka
中尾,なかお,nakao
川島,かわしま,kawashima
中村,なかむら,nakamura
橋爪,はしづめ,hashidume
多田,ただ,tada
阿部,あべ,abe
島田,しまだ,shimada
関根,せきね,sekine
塩沢,しおざわ,shiozawa
黒川,くろかわ,kurokawa
関根,せきね,sekine
石田,いしだ,ishida
宇田川,うだがわ,udagawa
岩淵,いわぶち,iwabuchi
寺島,てらじま,terajima
中尾,なかお,nakao
古田,ふるた,furuta
中西,なかにし,nakanishi
細井,ほそい,hosoi
西原,にしはら,nishihara
上田,うえだ,ueda
山岡,やまおか,yamaoka
鹿賀,かが,kaga
石垣,いしがき,ishigaki
窪塚,くぼづか,kuboduka
川畑,かわはた,kawahata
立石,たちいし,tachiishi
大野,おおの,oono
木村,きむら,kimura
馬場,ばば,baba
香椎,かしい,kashii
西川,にしかわ,nishikawa
高野,たかの,takano
村井,むらい,murai
森島,もりしま,morishima
岡田,おかだ,okada
小松,こまつ,komatsu
金田,かねだ,kaneda
小寺,こでら,kodera
高山,たかやま,takayama
伊崎,いさき,isaki
吉岡,よしおか,yoshioka
黒木,くろき,kuroki
柴田,しばた,shibata
渡部,わたべ,watabe
柳沢,やなぎさわ,yanagisawa
武藤,むとう,mutou
秋田,あきた,akita
片桐,かたぎり,katagiri
森口,もりぐち,moriguchi
藤本,ふじもと,fujimoto
北野,きたの,kitano
黄川田,きかわだ,kikawada
鬼頭,きとう,kitou
伊沢,いざわ,izawa
松本,まつもと,matsumoto
山村,やまむら,yamamura
川田,かわた,kawata
猪股,いのまた,inomata
吉村,よしむら,yoshimura
永瀬,ながせ,nagase
長島,ながしま,nagashima
永島,ながしま,nagashima
坂上,さかがみ,sakagami
小市,こいち,koichi
浜田,はまだ,hamada
佐々木,ささき,sasaki
片岡,かたおか,kataoka
金丸,かなまる,kanamaru
神崎,かんざき,kannzaki
長友,ながとも,nagatomo
鈴木,すずき,suzuki
村上,むらかみ,murakami
長尾,ながお,nagao
日下,ひのした,hinoshita
堀,ほり,hori
岩谷,いわたに,iwatani
水嶋,みずしま,mizushima
石橋,いしばし,ishibashi
水谷,みずたに,mizutani
水口,みずぐち,mizuguchi
唐沢,からさわ,karasawa
菅沼,すがぬま,suganuma
米田,よねだ,yoneda
津田,つだ,tsuda
梅本,うめもと,umemoto
堀内,ほりうち,horiuchi
高田,たかだ,takada
土田,つちだ,tsuchida
宍戸,ししど,shishido
石原,いしはら,ishihara
菊池,きくち,kikuchi
竹中,たけなか,takenaka
熊田,くまだ,kumada
福士,ふくし,fukushi
米沢,よねざわ,yonezawa
木下,きのした,kinoshita
神野,かみの,kamino
手塚,てづか,teduka
有賀,ありが,ariga
内田,うちだ,uchida
立石,たちいし,tachiishi
柴咲,しばさき,shibasaki
小谷,こたに,kotani
塚田,つかだ,tsukada
井原,いはら,ihara
小野田,おのだ,onoda
堀,ほり,hori
小室,こむろ,komuro
野本,のもと,nomoto
平野,ひらの,hirano
田辺,たなべ,tanabe
丸山,まるやま,maruyama
西,にし,nishi
堀川,ほりかわ,horikawa
三好,みよし,miyoshi
古谷,ふるたに,furutani
川上,かわかみ,kawakami
大場,おおば,ooba
谷村,たにむら,tanimura
相原,あいはら,aihara
織田,おだ,oda
照井,てるい,terui
橘,たちばな,tachibana
金井,かない,kanai
真鍋,まなべ,manabe
野中,のなか,nonaka
真田,さなだ,sanada
村上,むらかみ,murakami
横田,よこた,yokota
椎名,しいな,shiina
酒井,さかい,sakai
深田,ふかだ,fukada
柳,やなぎ,yanagi
本村,ほんむら,honnmura
河野,かわの,kawano
小泉,こいずみ,koizumi
中沢,なかざわ,nakazawa
重田,しげた,shigeta
海野,うみの,umino
上杉,うえすぎ,uesugi
村田,むらた,murata
三枝,さんし,sannshi
徳田,とくた,tokuta
横田,よこた,yokota
福岡,ふくおか,fukuoka
加藤,かとう,katou
宮里,みやざと,miyazato
北川,きたかわ,kitakawa
及川,おいかわ,oikawa
布施,ふせ,fuse
深谷,ふかや,fukaya
ユースケ,ゆーすけ,yusuke
パンツェッタ,ぱんつぇった,panzetta
野口,のぐち,noguchi
北条,ほうじょう,houjou
岸,きし,kishi
金谷,かなや,kanaya
内田,うちだ,uchida
杉山,すぎやま,sugiyama
本村,ほんむら,honnmura
上条,かみじょう,kamijou
羽田,はた,hata
進藤,しんどう,shinndou
戸田,とだ,toda
小高,こだか,kodaka
河野,こうの,kouno
望月,もちづき,mochiduki
米田,よねだ,yoneda
羽田,はだ,hada
川崎,かわさき,kawasaki
酒井,さかい,sakai
土谷,つちや,tsuchiya
車,くるま,kuruma
小日向,こひなた,kohinata
河野,かわの,kawano
柳家,やなぎや,yanagiya
甲斐,かい,kai
北野,きたの,kitano
堤,つつみ,tsutsumi
堀井,ほりい,horii
熊井,くまい,kumai
武井,たけい,takei
滝沢,たきざわ,takizawa
進藤,しんどう,shinndou
今,こん,kon
大内,おおうち,oouchi
中塚,なかづか,nakaduka
堤,つつみ,tsutsumi
吹石,ふきいし,fukiishi
篠原,しのはら,shinohara
西井,にしい,nishii
小野田,おのだ,onoda
大谷,おおたに,ootani
大和田,おおわだ,oowada
小口,おぐち,oguchi
福田,ふくだ,fukuda
日高,ひだか,hidaka
鹿手袋,しかてぶくろ,shikatebukuro
河野,かわの,kawano
雨宮,あまみや,amamiya
徳重,とくしげ,tokushige
関根,せきね,sekine
長沢,ながさわ,nagasawa
長田,ながた,nagata
山村,やまむら,yamamura
稲田,いなだ,inada
内田,うちだ,uchida
内海,うちみ,uchimi
泉,いずみ,izumi
細川,ほそかわ,hosokawa
狩野,かの,kano
松島,まつしま,matsushima
梅原,うめはら,umehara
山元,やまもと,yamamoto
吉井,よしい,yoshii
中谷,なかたに,nakatani
藤村,ふじむら,fujimura
相原,あいはら,aihara
小野田,おのだ,onoda
高谷,たかや,takaya
北条,ほうじょう,houjou
小市,こいち,koichi
上野,うえの,ueno
大内,おおうち,oouchi
沢田,さわだ,sawada
榎本,えのもと,enomoto
河本,こうもと,koumoto
榎本,えのもと,enomoto
安倍,あべ,abe
山崎,やまざき,yamazaki
篠崎,しのざき,shinozaki
和泉,わいずみ,waizumi
塚原,つかはら,tsukahara
松浦,まつうら,matsuura
前原,まえはら,maehara
滝,たき,taki
藤井,ふじい,fujii
西井,にしい,nishii
川原,かわはら,kawahara
菅澤,すがさわ,sugasawa
亀山,かめやま,kameyama
稲垣,いながき,inagaki
原,はら,hara
金城,かなしろ,kanashiro
伊藤,いとう,itou
川瀬,かわせ,kawase
佐川,さがわ,sagawa
本橋,もとはし,motohashi
松田,まつだ,matsuda
西井,にしい,nishii
高岡,たかおか,takaoka
本間,ほんま,honnma
羽田,はた,hata
さだ,さだ,sada
寺岡,てらおか,teraoka
片瀬,かたせ,katase
山内,やまうち,yamauchi
若林,わかばやし,wakabayashi
本上,ほんじょう,honjo
黒沢,くろさわ,kurosawa
宮沢,みやざわ,miyazawa
仲村,なかむら,nakamura
長谷川,はせがわ,hasegawa
杉田,すぎた,sugita
白川,しらかわ,shirakawa
坪井,つぼい,tsuboi
橋口,はしぐち,hashiguchi
岩田,いわた,iwata
佐伯,さえき,saeki
小倉,おぐら,ogura
飯野,いいの,iino
水口,みずぐち,mizuguchi
有馬,ありま,arima
永田,ながた,nagata
安田,やすだ,yasuda
国分,こくぶん,kokubunn
飯島,いいじま,iijima
重田,しげた,shigeta
及川,おいかわ,oikawa
城咲,しろさき,shirosaki
小町,こまち,komachi
前田,まえだ,maeda
益田,ますだ,masuda
伊藤,いとう,itou
山上,やまがみ,yamagami
草村,くさむら,kusamura
黒岩,くろいわ,kuroiwa
稲田,いなだ,inada
相川,あいかわ,aikawa
鈴木,すずき,suzuki
秋山,あきやま,akiyama
池田,いけだ,ikeda
石野,いしの,ishino
前川,まえかわ,maekawa
津川,つがわ,tsugawa
亀田,かめだ,kameda
瀬戸,せと,seto
楠本,くすもと,kusumoto
今田,いまだ,imada
梅田,うめだ,umeda
小出,こいで,koide
片瀬,かたせ,katase
江川,えがわ,egawa
中岡,なかおか,nakaoka
木下,きのした,kinoshita
野島,のじま,nojima
塚田,つかだ,tsukada
梅田,うめだ,umeda
津田,つだ,tsuda
山中,やまなか,yamanaka
金沢,かねざわ,kanezawa
木村,きむら,kimura
岡本,おかもと,okamoto
平田,ひらた,hirata
大河内,おおこうち,ookouchi
二宮,にのみや,ninomiya
矢部,やべ,yabe
永野,ながの,nagano
野本,のもと,nomoto
北条,ほうじょう,houjou
須賀,すが,suga
川口,かわぐち,kawaguchi
福永,ふくなが,fukunaga
貫地谷,かんじや,kanjiya
木本,きもと,kimoto
小口,おぐち,oguchi
奥山,おくやま,okuyama
坂下,さかした,sakashita
山上,やまがみ,yamagami
広末,ひろすえ,hirosue
野口,のぐち,noguchi
亀田,かめだ,kameda
深田,ふかだ,fukada
吉永,よしなが,yoshinaga
小原,おはら,ohara
毛利,もうり,mouri
奥,おく,oku
さだ,さだ,sada
徳田,とくた,tokuta
浅沼,あさぬま,asanuma
島崎,しまざき,shimazaki
今井,いまい,imai
高井,たかい,takai
岡部,おかべ,okabe
本橋,もとはし,motohashi
吉永,よしなが,yoshinaga
浦野,うらの,urano
北条,ほうじょう,houjou
浅田,あさだ,asada
森脇,もりわき,moriwaki
窪田,くぼた,kubota
長島,ながしま,nagashima
大河内,おおこうち,ookouchi
竹本,たけもと,takemoto
藤野,ふじの,fujino
植木,うえき,ueki
三沢,みさわ,misawa
高橋,たかはし,takahashi
椎名,しいな,shiina
牧野,まきの,makino
岩瀬,いわせ,iwase
町田,まちだ,machida
青木,あおき,aoki
本間,ほんま,honma
入江,いりえ,irie
金田,かねだ,kaneda
奥,おく,oku
木村,きむら,kimura
森本,もりもと,morimoto
山上,やまがみ,yamagami
高崎,たかさき,takasaki
武藤,むとう,mutou
小田,おだ,oda
小田島,おだじま,odajima
安藤,あんどう,ando
白木,しらき,shiraki
羽田,はた,hata
平野,ひらの,hirano
山田,やまだ,yamada
明石,あかし,akashi
大津,おおつ,ootsu
金丸,かなまる,kanamaru
小寺,こでら,kodera
久保田,くぼた,kubota
久野,ひさの,hisano
深田,ふかだ,fukada
奥山,おくやま,okuyama
杉山,すぎやま,sugiyama
松川,まつかわ,matsukawa
村木,むらき,muraki
唐沢,からさわ,karasawa
古賀,こが,koga
中島,なかじま,nakajima
宮本,みやもと,miyamoto
金井,かない,kanai
金子,かねこ,kaneko
臼井,うすい,usui
明石家,あかしや,akashiya
鶴岡,つるおか,tsuruoka
柴田,しばた,shibata
榊原,さかきばら,sakakibara
志田,しだ,shida
渡部,わたべ,watabe
工藤,くどう,kudou
小沼,こぬま,konuma
牧野,まきの,makino
高野,たかの,takano
松山,まつやま,matsuyama
西秋,にしあき,nishiaki
小室,こむろ,komuro
横田,よこた,yokota
野沢,のざわ,nozawa
熊沢,くまさわ,kumasawa
藤岡,ふじおか,fujioka
小柳,こやなぎ,koyanagi
入江,いりえ,irie
城田,しろた,shirota
伊藤,いとう,itou
牧瀬,まきせ,makise
岩間,いわま,iwama
宍戸,ししど,shishido
桜井,さくらい,sakurai
五大,ごだい,godai
劇団,げきだん,gekidan
小幡,おばた,obata
氏家,うじいえ,ujiie
細谷,ほそや,hosoya
吹越,ふきこし,fukikoshi
高木,たかぎ,takagi
伊丹,いたみ,itami
大山,おおやま,ooyama
島,しま,shima
谷川,たにかわ,tanikawa
宮下,みやした,miyashita
鈴木,すずき,suzuki
半田,はんだ,hannda
板垣,いたがき,itagaki
塚原,つかはら,tsukahara
海老原,えびはら,ebihara
三上,みかみ,mikami
小堀,こほり,kohori
中尾,なかお,nakao
勝又,かつまた,katsumata
並木,なみき,namiki
塩見,しおみ,shiomi
染谷,そめや,someya
宮坂,みやさか,miyasaka
小宮,こみや,komiya
熊沢,くまさわ,kumasawa
相原,あいはら,aihara
酒井,さかい,sakai
宮川,みやかわ,miyakawa
牧野,まきの,makino
野本,のもと,nomoto
勝地,かつぢ,katsudi
織田,おだ,oda
山野,やまの,yamano
水野,みずの,mizuno
三宅,みやけ,miyake
北山,きたやま,kitayama
森田,もりた,morita
浜田,はまだ,hamada
柴山,しばやま,shibayama
神田,かんだ,kannda
米沢,よねざわ,yonezawa
片山,かたやま,katayama
深井,ふかい,fukai
小野寺,おのでら,onodera
一青,ひとと,hitoto
後藤,ごとう,gotou
高尾,たかお,takao
照井,てるい,terui
藤木,ふじき,fujiki
浜,はま,hama
西田,にしだ,nishida
黒沢,くろさわ,kurosawa
浅野,あさの,asano
下山,しもやま,shimoyama
中根,なかね,nakane
篠田,しのだ,shinoda
三上,みかみ,mikami
藤井,ふじい,fujii
高嶋,たかしま,takashima
塚原,つかはら,tsukahara
大貫,おおぬき,oonuki
篠原,しのはら,shinohara
豊原,とよはら,toyohara
水上,みずかみ,mizukami
安達,あだち,adachi
河野,こうの,kouno
上野,うえの,ueno
小出,こいで,koide
亀山,かめやま,kameyama
沢井,さわい,sawai
川本,かわもと,kawamoto
勝地,かつぢ,katsudi
川越,かわごえ,kawagoe
緒方,おがた,ogata
滝口,たきぐち,takiguchi
小菅,こすげ,kosuge
高村,たかむら,takamura
飯野,いいの,iino
関根,せきね,sekine
土居,どい,doi
妹尾,せお,seo
古沢,ふるさわ,furusawa
大山,おおやま,ooyama
榎本,えのもと,enomoto
高瀬,たかせ,takase
大後,おおご,oogo
増田,ますだ,masuda
立川,たちかわ,tachikawa
湯浅,ゆあさ,yuasa
生田,なまた,namata
小林,こばやし,kobayashi
草野,くさの,kusano
本上,ほんじょう,honjo
鈴木,すずき,suzuki
堀,ほり,hori
及川,おいかわ,oikawa
井上,いのうえ,inoue
富山,とみやま,tomiyama
明石家,あかしや,akashiya
仲田,なかた,nakata
富山,とみやま,tomiyama
角田,かどた,kadota
西原,にしはら,nishihara
役所,やくしょ,yakusho
小田,おだ,oda
熊倉,くまくら,kumakura
藤本,ふじもと,fujimoto
中島,なかじま,nakajima
加藤,かとう,katou
前野,まえの,maeno
小田島,おだじま,odajima
木下,きのした,kinoshita
片岡,かたおか,kataoka
桜田,さくらだ,sakurada
高瀬,たかせ,takase
松田,まつだ,matsuda
吉川,きっかわ,kikkawa
小川,おがわ,ogawa
澤田,さわだ,sawada
峰,みね,mine
吉原,よしわら,yoshiwara
高沢,たかさわ,takasawa
石橋,いしばし,ishibashi
飯田,いいだ,iida
渡辺,わたなべ,watanabe
吉川,よしかわ,yoshikawa
沢,さわ,sawa
竹下,たけした,takeshita
秋本,あきもと,akimoto
矢沢,やざわ,yazawa
蛍原,ほとはら,hotohara
中本,なかもと,nakamoto
徳田,とくた,tokuta
毛利,もうり,mouri
宇佐美,うさみ,usami
福永,ふくなが,fukunaga
角田,かどた,kadota
田口,たぐち,taguchi
泉,いずみ,izumi
仲村,なかむら,nakamura
杉本,すぎもと,sugimoto
滝本,たきもと,takimoto
宮地,みやじ,miyaji
松下,まつした,matsushita
新村,にいむら,niimura
阿久津,あくつ,akutsu
大城,おおしろ,ooshiro
池内,いけうち,ikeuchi
奥田,おくだ,okuda
三浦,みうら,miura
長澤,ながさわ,nagasawa
山田,やまだ,yamada
日下部,くさかべ,kusakabe
中里,なかざと,nakazato
井手,いで,ide
小坂,こざか,kozaka
大沢,おおさわ,oosawa
大津,おおつ,ootsu
田所,たどころ,tadokoro
坂井,さかい,sakai
前野,まえの,maeno
中村,なかむら,nakamura
花岡,はなおか,hanaoka
福島,ふくしま,fukushima
熊沢,くまさわ,kumasawa
柳家,やなぎや,yanagiya
鈴木,すずき,suzuki
金城,かなしろ,kanashiro
矢口,やぐち,yaguchi
矢沢,やざわ,yazawa
黒岩,くろいわ,kuroiwa
水野,みずの,mizuno
古田,ふるた,furuta
古山,ふるやま,furuyama
奥村,おくむら,okumura
本村,ほんむら,honnmura
三好,みよし,miyoshi
菅原,すがわら,sugawara
瀬戸内,せとうち,setouchi
荒木,あらき,araki
本橋,もとはし,motohashi
浅沼,あさぬま,asanuma
河合,かわい,kawai
藤村,ふじむら,fujimura
稲田,いなだ,inada
正木,まさき,masaki
山中,やまなか,yamanaka
寺本,てらもと,teramoto
若槻,わかつき,wakatsuki
小口,おぐち,oguchi
根本,ねもと,nemoto
曽根,そね,sone
井手,いで,ide
今泉,いまいずみ,imaizumi
北島,きたじま,kitajima
野崎,のざき,nozaki
柳田,やなぎだ,yanagida
石崎,いしざき,ishizaki
堀越,ほりこし,horikoshi
池谷,いけたに,iketani
水川,みずかわ,mizukawa
磯部,いそべ,isobe
五十嵐,いがらし,igarashi
小杉,こすぎ,kosugi
大坂,おおさか,oosaka
金井,かない,kanai
高村,たかむら,takamura
桜井,さくらい,sakurai
上山,かみやま,kamiyama
野原,のはら,nohara
塚本,つかもと,tsukamoto
高岡,たかおか,takaoka
西村,にしむら,nishimura
岡田,おかだ,okada
河原,かわはら,kawahara
西井,にしい,nishii
富岡,とみおか,tomioka
塩田,しおた,shiota
長井,ながい,nagai
伴,ばん,ban
池谷,いけたに,iketani
植村,うえむら,uemura
浅見,あさみ,asami
五十嵐,いがらし,igarashi
前島,まえじま,maejima
羽田,はだ,hada
塩谷,しおや,shioya
高梨,たかなし,takanashi
川越,かわごえ,kawagoe
小西,こにし,konishi
中原,なかはら,nakahara
井上,いのうえ,inoue
門脇,かどわき,kadowaki
楠本,くすもと,kusumoto
浅倉,あさくら,asakura
菊田,きくた,kikuta
筒井,つつい,tsutsui
伊崎,いさき,isaki
大友,おおとも,ootomo
瀬戸内,せとうち,setouchi
ほしの,ほしの,hoshino
綾瀬,あやせ,ayase
岩瀬,いわせ,iwase
土屋,つちや,tsuchiya
岩本,いわもと,iwamoto
藤村,ふじむら,fujimura
藤村,ふじむら,fujimura
植松,うえまつ,uematsu
前島,まえじま,maejima
辻,つじ,tsuji
篠原,しのはら,shinohara
小堀,こほり,kohori
前川,まえかわ,maekawa
大竹,おおたけ,ootake
松田,まつだ,matsuda
清水,しみず,shimizu
八十田,やそだ,yasoda
日高,ひだか,hidaka
平井,ひらい,hirai
池上,いけがみ,ikegami
橋本,はしもと,hashimoto
片瀬,かたせ,katase
新垣,にいがき,niigaki
五大,ごだい,godai
片平,かたひら,katahira
古田,ふるた,furuta
門田,かどた,kadota
寺岡,てらおか,teraoka
戸田,とだ,toda
早川,はやかわ,hayakawa
西野,にしの,nishino
植松,うえまつ,uematsu
及川,おいかわ,oikawa
高木,たかぎ,takagi
鎌田,かまた,kamata
篠田,しのだ,shinoda
門脇,かどわき,kadowaki
角,すみ,sumi
谷村,たにむら,tanimura
吉川,きっかわ,kikkawa
多部,たべ,tabe
金山,かなやま,kanayama
村上,むらかみ,murakami
菅澤,すがさわ,sugasawa
佐々木,ささき,sasaki
岩沢,いわさわ,iwasawa
竹内,たけうち,takeuchi
河合,かわい,kawai
前田,まえだ,maeda
大坂,おおさか,oosaka
渡辺,わたなべ,watanabe
岡島,おかじま,okajima
村松,むらまつ,muramatsu
今田,いまだ,imada
高村,たかむら,takamura
松居,まつい,matsui
関,せき,seki
内山,うちやま,uchiyama
松谷,まつたに,matsutani
大和,やまと,yamato
奥,おく,oku
宇佐美,うさみ,usami
峰,みね,mine
岩崎,いわさき,iwasaki
高岡,たかおか,takaoka
菅谷,すがや,sugaya
小林,こばやし,kobayashi
藤田,ふじた,fujita
五味,ごみ,gomi
矢田,やだ,yada
高島,たかしま,takashima
浅倉,あさくら,asakura
石垣,いしがき,ishigaki
米山,よねやま,yoneyama
片山,かたやま,katayama
奥田,おくだ,okuda
伊崎,いさき,isaki
日高,ひだか,hidaka
はしの,はしの,hashino
梅津,うめづ,umedu
杉田,すぎた,sugita
下山,しもやま,shimoyama
染谷,そめや,someya
池本,いけもと,ikemoto
志賀,しが,shiga
安藤,あんどう,ando
吉岡,よしおか,yoshioka
六角,ろっかく,rokkaku
深田,ふかだ,fukada
山本,やまもと,yamamoto
平岡,ひらおか,hiraoka
神原,かんばら,kannbara
楠,くすのき,kusunoki
劇団,げきだん,gekidan
堀江,ほりえ,horie
熊田,くまだ,kumada
中原,なかはら,nakahara
小山,おやま,oyama
平,たいら,taira
伊丹,いたみ,itami
若林,わかばやし,wakabayashi
柴田,しばた,shibata
北条,ほうじょう,houjou
池田,いけだ,ikeda
平林,ひらばやし,hirabayashi
奈良,なら,nara
大畑,おおはた,oohata
鹿手袋,しかてぶくろ,shikatebukuro
雨宮,あまみや,amamiya
塩谷,しおや,shioya
北,きた,kita
津田,つだ,tsuda
妻夫木,つまぶき,tsumabuki
宮田,みやた,miyata
関根,せきね,sekine
米沢,よねざわ,yonezawa
川合,かわい,kawai
足立,あだち,adachi
会田,あいだ,aida
小玉,こだま,kodama
水谷,みずたに,mizutani
片瀬,かたせ,katase
織田,おだ,oda
田端,たばた,tabata
相原,あいはら,aihara
進藤,しんどう,shinndou
小林,こばやし,kobayashi
津田,つだ,tsuda
有田,ありた,arita
河原,かわはら,kawahara
浅野,あさの,asano
浜,はま,hama
一木,いちき,ichiki
伊藤,いとう,itou
生田,なまた,namata
羽田,はた,hata
平田,ひらた,hirata
岩淵,いわぶち,iwabuchi
小木,おぎ,ogi
内野,うちの,uchino
土谷,つちや,tsuchiya
松崎,まつざき,matsuzaki
片瀬,かたせ,katase
長田,ながた,nagata
杉野,すぎの,sugino
柳家,やなぎや,yanagiya
石原,いしはら,ishihara
飯塚,いいづか,iiduka
竹内,たけうち,takeuchi
横尾,よこお,yokoo
妻夫木,つまぶき,tsumabuki
高田,たかだ,takada
宮原,みやはら,miyahara
篠田,しのだ,shinoda
津川,つがわ,tsugawa
浅沼,あさぬま,asanuma
藤山,ふじやま,fujiyama
坂田,さかた,sakata
三上,みかみ,mikami
伊藤,いとう,itou
橋口,はしぐち,hashiguchi
黒沢,くろさわ,kurosawa
中原,なかはら,nakahara
相原,あいはら,aihara
青山,あおやま,aoyama
鹿島,かしま,kashima
小室,こむろ,komuro
安藤,あんどう,anndou
妹尾,せお,seo
新村,にいむら,niimura
金森,かなもり,kanamori
紺野,こんの,konnno
藤山,ふじやま,fujiyama
岩下,いわした,iwashita
片桐,かたぎり,katagiri
五十嵐,いがらし,igarashi
富田,とみた,tomita
河野,かわの,kawano
高井,たかい,takai
秋元,あきもと,akimoto
今泉,いまいずみ,imaizumi
伊藤,いとう,itou
ともさか,ともさか,tomosaka
戸塚,とづか,toduka
石本,いしもと,ishimoto
石原,いしはら,ishihara
長田,ながた,nagata
伊沢,いざわ,izawa
竹内,たけうち,takeuchi
相武,あいぶ,aibu
堀越,ほりこし,horikoshi
藤村,ふじむら,fujimura
黒川,くろかわ,kurokawa
余,よ,yo
河野,こうの,kouno
平林,ひらばやし,hirabayashi
竹原,たけはら,takehara
大泉,おおいずみ,ooizumi
三田,みた,mita
吹越,ふきこし,fukikoshi
藤井,ふじい,fujii
小野,おの,ono
梅沢,うめざわ,umezawa
瀬川,せがわ,segawa
岸部,きしべ,kishibe
山内,やまうち,yamauchi
峰,みね,mine
長谷,ながや,nagaya
脇田,わきた,wakita
上田,うえだ,ueda
星野,ほしの,hoshino
永田,ながた,nagata
佐竹,さたけ,satake
岩井,いわい,iwai
沼田,ぬまた,numata
土橋,つちはし,tsuchihashi
馬場,ばば,baba
植松,うえまつ,uematsu
上条,かみじょう,kamijou
加藤,かとう,katou
岩田,いわた,iwata
山元,やまもと,yamamoto
細山,ほそやま,hosoyama
長澤,ながさわ,nagasawa
大森,おおもり,oomori
町田,まちだ,machida
小山,おやま,oyama
香川,かがわ,kagawa
澤田,さわだ,sawada
浅井,あさい,asai
米倉,よねくら,yonekura
小玉,こだま,kodama
松沢,まつざわ,matsuzawa
大川,おおかわ,ookawa
曽根,そね,sone
若林,わかばやし,wakabayashi
金森,かなもり,kanamori
山本,やまもと,yamamoto
平,たいら,taira
大江,おおえ,ooe
奥村,おくむら,okumura
稲葉,いなば,inaba
北島,きたじま,kitajima
北原,きたはら,kitahara
狩野,かの,kano
新垣,にいがき,niigaki
阿部,あべ,abe
和田,わだ,wada
岩間,いわま,iwama
藤村,ふじむら,fujimura
鶴田,つるた,tsuruta
前川,まえかわ,maekawa
今村,いまむら,imamura
大田,おおた,oota
町田,まちだ,machida
深井,ふかい,fukai
新谷,あらや,araya
向井,むらい,murai
庄司,しょうじ,shouji
小高,こだか,kodaka
波多野,はたの,hatano
秋山,あきやま,akiyama
東,ひがし,higashi
井出,いで,ide
池本,いけもと,ikemoto
奥山,おくやま,okuyama
中岡,なかおか,nakaoka
黒木,くろき,kuroki
志田,しだ,shida
長井,ながい,nagai
富沢,とみさわ,tomisawa
岩田,いわた,iwata
稲田,いなだ,inada
白木,しらき,shiraki
赤羽,あかばね,akabane
野島,のじま,nojima
長谷川,はせがわ,hasegawa
永山,ながやま,nagayama
益岡,ますおか,masuoka
川井,かわい,kawai
新村,にいむら,niimura
木戸,きど,kido
片岡,かたおか,kataoka
安座間,あざま,azama
小坂,こざか,kozaka
大場,おおば,ooba
雨宮,あまみや,amamiya
坂下,さかした,sakashita
平良,ひらら,hirara
三好,みよし,miyoshi
宮沢,みやざわ,miyazawa
藤村,ふじむら,fujimura
小出,こいで,koide
星野,ほしの,hoshino
土井,どい,doi
稲垣,いながき,inagaki
木村,きむら,kimura
松元,まつもと,matsumoto
藤島,ふじしま,fujishima
根岸,ねぎし,negishi
菅野,かんの,kanno
比嘉,ひよし,hiyoshi
大野,おおの,oono
池上,いけがみ,ikegami
滝,たき,taki
内田,うちだ,uchida
岩下,いわした,iwashita
相川,あいかわ,aikawa
石沢,いしざわ,ishizawa
河内,かわうち,kawauchi
小市,こいち,koichi
野際,のぎわ,nogiwa
塩見,しおみ,shiomi
はしの,はしの,hashino
奥山,おくやま,okuyama
井出,いで,ide
窪塚,くぼづか,kuboduka
益田,ますだ,masuda
貫地谷,かんじや,kanjiya
園田,そのだ,sonoda
西井,にしい,nishii
山口,やまぐち,yamaguchi
坂井,さかい,sakai
安藤,あんどう,anndou
中西,なかにし,nakanishi
柏木,かしわぎ,kashiwagi
高木,たかぎ,takagi
鬼頭,きとう,kitou
森山,もりやま,moriyama
関口,せきぐち,sekiguchi
ト字,とじ,toji
古賀,こが,koga
須賀,すが,suga
宮原,みやはら,miyahara
小室,こむろ,komuro
寺島,てらじま,terajima
植木,うえき,ueki
正木,まさき,masaki
奈良,なら,nara
木内,きうち,kiuchi
池上,いけがみ,ikegami
大槻,おおつき,ootsuki
細井,ほそい,hosoi
小柳,こやなぎ,koyanagi
岩村,いわむら,iwamura
柴咲,しばさき,shibasaki
石井,いしい,ishii
重松,しげまつ,shigematsu
高田,たかだ,takada
西口,にしぐち,nishiguchi
谷口,たにぐち,taniguchi
一木,いちき,ichiki
上山,かみやま,kamiyama
永井,ながい,nagai
加納,かのう,kanou
小泉,こいずみ,koizumi
矢野,やの,yano
稲垣,いながき,inagaki
鎌田,かまた,kamata
有田,ありた,arita
荻野,おぎの,ogino
川端,かわばた,kawabata
福山,ふくやま,fukuyama
高岡,たかおか,takaoka
小森,こもり,komori
相原,あいはら,aihara
さだ,さだ,sada
梅田,うめだ,umeda
少路,しょうじ,shouji
浜田,はまだ,hamada
大田,おおた,oota
柳沢,やなぎさわ,yanagisawa
木下,きのした,kinoshita
足立,あだち,adachi
寺島,てらじま,terajima
江川,えがわ,egawa
木本,きもと,kimoto
長沢,ながさわ,nagasawa
大和田,おおわだ,oowada
大崎,おおさき,oosaki
市原,いちはら,ichihara
草野,くさの,kusano
明石家,あかしや,akashiya
小池,こいけ,koike
森岡,もりおか,morioka
中西,なかにし,nakanishi
田村,たむら,tamura
宮川,みやかわ,miyakawa
水嶋,みずしま,mizushima
吹石,ふきいし,fukiishi
釈,しゃく,shaku
北条,ほうじょう,houjou
奥,おく,oku
田中,たなか,tanaka
乾,いぬい,inui
安倍,あべ,abe
木原,きはら,kihara
森田,もりた,morita
寺島,てらじま,terajima
寺田,てらだ,terada
児島,こじま,kojima
堀北,ほりきた,horikita
古山,ふるやま,furuyama
大友,おおとも,ootomo
沢田,さわだ,sawada
伊沢,いざわ,izawa
柳川,やながわ,yanagawa
有田,ありた,arita
加納,かのう,kanou
佐藤,さとう,satou
藤川,ふじかわ,fujikawa
保坂,ほさか,hosaka
岡本,おかもと,okamoto
豊田,とよた,toyota
滝,たき,taki
滝,たき,taki
細山,ほそやま,hosoyama
岩間,いわま,iwama
向井,むらい,murai
桜田,さくらだ,sakurada
神田,かんだ,kannda
桜井,さくらい,sakurai
森脇,もりわき,moriwaki
奥寺,おくでら,okudera
神野,かみの,kamino
八十田,やそだ,yasoda
工藤,くどう,kudou
大河内,おおこうち,ookouchi
橘,たちばな,tachibana
菅野,すがの,sugano
中根,なかね,nakane
草野,くさの,kusano
市田,いちだ,ichida
坂野,いたの,itano
日高,ひだか,hidaka
阿久津,あくつ,akutsu
細川,ほそかわ,hosokawa
村中,むらなか,muranaka
岸本,きしもと,kishimoto
相田,あいだ,aida
米沢,よねざわ,yonezawa
藤沢,ふじさわ,fujisawa
会田,あいだ,aida
及川,おいかわ,oikawa
荒木,あらき,araki
深谷,ふかや,fukaya
野沢,のざわ,nozawa
柴田,しばた,shibata
岩永,いわなが,iwanaga
安倍,あべ,abe
松崎,まつざき,matsuzaki
川添,かわぞえ,kawazoe
橋口,はしぐち,hashiguchi
斎藤,さいとう,saitou
清野,きよの,kiyono
山元,やまもと,yamamoto
池内,いけうち,ikeuchi
関,せき,seki
長尾,ながお,nagao
深谷,ふかや,fukaya
坂本,さかもと,sakamoto
倉本,くらもと,kuramoto
小関,こぜき,kozeki
太田,おおた,oota
中川,なかがわ,nakagawa
山下,やました,yamashita
海野,うみの,umino
岩井,いわい,iwai
池谷,いけたに,iketani
米谷,よねや,yoneya
星,ほし,hoshi
根本,ねもと,nemoto
加納,かのう,kanou
竹内,たけうち,takeuchi
今井,いまい,imai
菊池,きくち,kikuchi
沢,さわ,sawa
福井,ふくい,fukui
山内,やまのうち,yamanouchi
真鍋,まなべ,manabe
向井,むらい,murai
倉持,くらもち,kuramochi
川端,かわばた,kawabata
大和,やまと,yamato
三輪,みわ,miwa
大滝,おおたき,ootaki
上杉,うえすぎ,uesugi
黒木,くろき,kuroki
山上,やまがみ,yamagami
市原,いちはら,ichihara
長谷川,はせがわ,hasegawa
ユースケ,ゆーすけ,yusuke
近藤,こんどう,kondou
南,みなみ,minami
豊島,とよしま,toyoshima
沢尻,さわじり,sawajiri
多部,たべ,tabe
入江,いりえ,irie
川辺,かわべ,kawabe
岸,きし,kishi
丹野,たんの,tannno
小寺,こでら,kodera
真矢,まや,maya
白井,しらい,shirai
越智,おち,ochi
島崎,しまざき,shimazaki
大熊,おおくま,ookuma
神山,かみやま,kamiyama
宮城,みやぎ,miyagi
早美,はやみ,hayami
石丸,いしまる,ishimaru
田原,たはら,tahara
藤,ふじ,fuji
栗原,くりはら,kurihara
役所,やくしょ,yakusho
稲田,いなだ,inada
岡崎,おかざき,okazaki
栗田,くりた,kurita
澤田,さわだ,sawada
北条,ほうじょう,houjou
深田,ふかだ,fukada
柳家,やなぎや,yanagiya
渡辺,わたなべ,watanabe
吹石,ふきいし,fukiishi
神原,かんばら,kannbara
五十嵐,いがらし,igarashi
滝田,たきた,takita
栗山,くりやま,kuriyama
平山,ひらやま,hirayama
伊藤,いとう,itou
飛田,ひだ,hida
塩谷,しおや,shioya
石田,いしだ,ishida
大路,おおじ,ooji
柏木,かしわぎ,kashiwagi
久保田,くぼた,kubota
平川,ひらかわ,hirakawa
西,にし,nishi
田原,たはら,tahara
岡島,おかじま,okajima
滝川,たきがわ,takigawa
八田,やつだ,yatsuda
矢島,やじま,yajima
染谷,そめや,someya
八田,やつだ,yatsuda
近藤,こんどう,kondou
坂元,さかもと,sakamoto
福士,ふくし,fukushi
滝,たき,taki
佐藤,さとう,satou
氏家,うじいえ,ujiie
安座間,あざま,azama
松浦,まつうら,matsuura
筧,かけい,kakei
石原,いしはら,ishihara
大坪,おおつぼ,ootsubo
落合,おちあい,ochiai
柄本,えもと,emoto
谷川,たにかわ,tanikawa
塩谷,しおや,shioya
畠中,はたなか,hatanaka
大竹,おおたけ,ootake
筧,かけい,kakei
浅野,あさの,asano
田川,たがわ,tagawa
寺島,てらじま,terajima
横井,よこい,yokoi
岩下,いわした,iwashita
有馬,ありま,arima
渡辺,わたなべ,watanabe
北野,きたの,kitano
内野,うちの,uchino
竹中,たけなか,takenaka
宮城,みやぎ,miyagi
瀬戸,せと,seto
島村,しまむら,shimamura
藤木,ふじき,fujiki
藤原,ふじわら,fujiwara
江原,えはら,ehara
松本,まつもと,matsumoto
徳田,とくた,tokuta
城戸,きど,kido
今西,いまにし,imanishi
長沢,ながさわ,nagasawa
田辺,たなべ,tanabe
田畑,たばた,tabata
内藤,ないとう,naitou
平井,ひらい,hirai
角谷,かどたに,kadotani
大熊,おおくま,ookuma
井上,いのうえ,inoue
今村,いまむら,imamura
新村,にいむら,niimura
樋口,ひぐち,higuchi
高樹,たかぎ,takagi
大倉,おおくら,ookura
鶴田,つるた,tsuruta
羽田,はた,hata
新垣,あらがき,aragaki
平沢,ひらさわ,hirasawa
滝,たき,taki
一木,いちき,ichiki
和泉,わいずみ,waizumi
高崎,たかさき,takasaki
落合,おちあい,ochiai
浜,はま,hama
三原,みはら,mihara
高橋,たかはし,takahashi
平山,ひらやま,hirayama
山中,やまなか,yamanaka
五味,ごみ,gomi
萩原,はぎわら,hagiwara
沢村,さわむら,sawamura
赤松,あかまつ,akamatsu
森下,もりした,morishita
松岡,まつおか,matsuoka
板垣,いたがき,itagaki
門脇,かどわき,kadowaki
川上,かわかみ,kawakami
広瀬,ひろせ,hirose
松川,まつかわ,matsukawa
ト字,とじ,toji
大場,おおば,ooba
境,さかい,sakai
平,たいら,taira
長谷川,はせがわ,hasegawa
吉永,よしなが,yoshinaga
柏木,かしわぎ,kashiwagi
北原,きたはら,kitahara
川合,かわい,kawai
今村,いまむら,imamura
茂木,もぎ,mogi
橋爪,はしづめ,hashidume
鹿賀,かが,kaga
滝,たき,taki
成瀬,なるせ,naruse
川添,かわぞえ,kawazoe
高畑,たかばた,takabata
市川,いちかわ,ichikawa
武藤,むとう,mutou
三宅,みやけ,miyake
井上,いのうえ,inoue
佐古,さこ,sako
牧瀬,まきせ,makise
望月,もちづき,mochiduki
前田,まえだ,maeda
高野,たかの,takano
玉井,たまい,tamai
喜多,きた,kita
寺尾,てらお,terao
柏木,かしわぎ,kashiwagi
宇野,うの,uno
金井,かない,kanai
諏訪,すわ,suwa
志村,しむら,shimura
瀬戸,せと,seto
江原,えはら,ehara
小原,おはら,ohara
森島,もりしま,morishima
矢口,やぐち,yaguchi
村井,むらい,murai
片平,かたひら,katahira
三好,みよし,miyoshi
関根,せきね,sekine
上原,うえはら,uehara
片桐,かたぎり,katagiri
田端,たばた,tabata
渡辺,わたなべ,watanabe
園田,そのだ,sonoda
平尾,ひらお,hirao
古山,ふるやま,furuyama
石野,いしの,ishino
根岸,ねぎし,negishi
藤野,ふじの,fujino
永井,ながい,nagai
植木,うえき,ueki
氏家,うじいえ,ujiie
沢井,さわい,sawai
藤山,ふじやま,fujiyama
半田,はんだ,hannda
目黒,めぐろ,meguro
長田,ながた,nagata
赤坂,あかさか,akasaka
落合,おちあい,ochiai
若山,わかやま,wakayama
北原,きたはら,kitahara
西口,にしぐち,nishiguchi
津田,つだ,tsuda
鎌田,かまた,kamata
三島,みしま,mishima
北原,きたはら,kitahara
小宮,こみや,komiya
前野,まえの,maeno
寺尾,てらお,terao
今西,いまにし,imanishi
岩本,いわもと,iwamoto
中西,なかにし,nakanishi
宮内,みやうち,miyauchi
筧,かけい,kakei
荻野,おぎの,ogino
高橋,たかはし,takahashi
井川,いがわ,igawa
藤沢,ふじさわ,fujisawa
岩田,いわた,iwata
飯野,いいの,iino
玉城,たまき,tamaki
平野,ひらの,hirano
大和田,おおわだ,oowada
瀬戸,せと,seto
戸田,とだ,toda
小幡,おばた,obata
川辺,かわべ,kawabe
志村,しむら,shimura
尾崎,おざき,ozaki
松木,まつき,matsuki
彼方,かなた,kanata
藤井,ふじい,fujii
松下,まつした,matsushita
坂下,さかした,sakashita
三島,みしま,mishima
牧瀬,まきせ,makise
金井,かない,kanai
植田,うえた,ueta
橘,たちばな,tachibana
小野田,おのだ,onoda
池上,いけがみ,ikegami
鈴木,すずき,suzuki
黒沢,くろさわ,kurosawa
岡本,おかもと,okamoto
柄本,えもと,emoto
柏原,かしわら,kashiwara
今村,いまむら,imamura
小菅,こすげ,kosuge
徳重,とくしげ,tokushige
堀川,ほりかわ,horikawa
横井,よこい,yokoi
宮田,みやた,miyata
今田,いまだ,imada
赤松,あかまつ,akamatsu
酒井,さかい,sakai
今井,いまい,imai
奥野,おくの,okuno
貫地谷,かんじや,kanjiya
荒木,あらき,araki
田畑,たばた,tabata
山田,やまだ,yamada
小倉,おぐら,ogura
岡崎,おかざき,okazaki
劇団,げきだん,gekidan
五大,ごだい,godai
志田,しだ,shida
高橋,たかはし,takahashi
森山,もりやま,moriyama
内野,うちの,uchino
小川,おがわ,ogawa
矢野,やの,yano
三井,みつい,mitsui
堀田,ほった,hotta
寺井,てらい,terai
庄司,しょうじ,shouji
小出,こいで,koide
江原,えはら,ehara
野口,のぐち,noguchi
荻野,おぎの,ogino
真田,さなだ,sanada
野原,のはら,nohara
小島,こじま,kojima
荻原,はぎわら,hagiwara
倉持,くらもち,kuramochi
森本,もりもと,morimoto
進藤,しんどう,shinndou
西村,にしむら,nishimura
荻野,おぎの,ogino
小平,こひら,kohira
戎,えびす,ebisu
有田,ありた,arita
飯塚,いいづか,iiduka
水崎,みさき,misaki
神木,かみき,kamiki
真矢,まや,maya
川野,かわの,kawano
島津,しまづ,shimadu
浜田,はまだ,hamada
新田,あらた,arata
竹内,たけうち,takeuchi
窪田,くぼた,kubota
桑原,くわばら,kuwabara
大城,おおしろ,ooshiro
彼方,かなた,kanata
塚本,つかもと,tsukamoto
那須,なす,nasu
石坂,いしざか,ishizaka
青木,あおき,aoki
高橋,たかはし,takahashi
高畑,たかばた,takabata
坪井,つぼい,tsuboi
西秋,にしあき,nishiaki
安藤,あんどう,ando
畠山,はたやま,hatayama
富田,とみた,tomita
海野,うみの,umino
守屋,もりや,moriya
若槻,わかつき,wakatsuki
中村,なかむら,nakamura
難波,なんば,nannba
島村,しまむら,shimamura
森脇,もりわき,moriwaki
亀山,かめやま,kameyama
小西,こにし,konishi
葛山,かつらやま,katsurayama
赤木,あかぎ,akagi
内野,うちの,uchino
諏訪,すわ,suwa
三橋,みはし,mihashi
藤井,ふじい,fujii
塩谷,しおや,shioya
寺島,てらしま,terashima
金城,かなしろ,kanashiro
北条,ほうじょう,houjou
瀬戸,せと,seto
美輪,みわ,miwa
栗田,くりた,kurita
柏木,かしわぎ,kashiwagi
須賀,すが,suga
対馬,つしま,tsushima
久野,ひさの,hisano
長尾,ながお,nagao
山本,やまもと,yamamoto
鈴木,すずき,suzuki
池畑,いけはた,ikehata
福田,ふくだ,fukuda
児島,こじま,kojima
中田,なかた,nakata
宮本,みやもと,miyamoto
明石,あかし,akashi
杉本,すぎもと,sugimoto
園田,そのだ,sonoda
金沢,かねざわ,kanezawa
大場,おおば,ooba
邑野,むらの,murano
阪本,さかもと,sakamoto
三村,みむら,mimura
大滝,おおたき,ootaki
片平,かたひら,katahira
竹本,たけもと,takemoto
城戸,きど,kido
山西,やまにし,yamanishi
西原,にしはら,nishihara
渡部,わたべ,watabe
西脇,にしわき,nishiwaki
岸,きし,kishi
鈴木,すずき,suzuki
柳沢,やなぎさわ,yanagisawa
川村,かわむら,kawamura
吉岡,よしおか,yoshioka
大下,おおした,ooshita
荻原,はぎわら,hagiwara
川原,かわはら,kawahara
片岡,かたおか,kataoka
益岡,ますおか,masuoka
吉岡,よしおか,yoshioka
野際,のぎわ,nogiwa
永瀬,ながせ,nagase
菊池,きくち,kikuchi
宇都宮,うつのみや,utsunomiya
大和田,おおわだ,oowada
小島,こじま,kojima
富岡,とみおか,tomioka
湯浅,ゆあさ,yuasa
難波,なんば,nannba
三田,みた,mita
畠山,はたやま,hatayama
滝田,たきた,takita
豊島,とよしま,toyoshima
川合,かわい,kawai
高畑,たかはた,takahata
石坂,いしざか,ishizaka
大城,おおしろ,ooshiro
荒木,あらき,araki
藤森,ふじもり,fujimori
高畑,たかはた,takahata
細井,ほそい,hosoi
西秋,にしあき,nishiaki
三好,みよし,miyoshi
邑野,むらの,murano
柳,やなぎ,yanagi
大畑,おおはた,oohata
坂本,さかもと,sakamoto
宮崎,みやざき,miyazaki
石沢,いしざわ,ishizawa
平山,ひらやま,hirayama
綾小路,あやのこうじ,ayanokouji
吹石,ふきいし,fukiishi
津田,つだ,tsuda
金森,かなもり,kanamori
江崎,えざき,ezaki
山崎,やまざき,yamazaki
山下,やました,yamashita
水谷,みずたに,mizutani
今泉,いまいずみ,imaizumi
秋本,あきもと,akimoto
三輪,みわ,miwa
松島,まつしま,matsushima
岩谷,いわたに,iwatani
福井,ふくい,fukui
柴崎,しばざき,shibazaki
皆川,みなかわ,minakawa
相原,あいはら,aihara
坂本,さかもと,sakamoto
上野,うえの,ueno
福沢,ふくざわ,fukuzawa
吉村,よしむら,yoshimura
佐伯,さえき,saeki
関谷,せきや,sekiya
野田,のだ,noda
町田,まちだ,machida
黒川,くろかわ,kurokawa
品川,しながわ,shinagawa
井沢,いざわ,izawa
山上,やまがみ,yamagami
長井,ながい,nagai
近藤,こんどう,konndou
大畑,おおはた,oohata
今田,いまだ,imada
谷本,たにもと,tanimoto
笠井,かさい,kasai
宮島,みやじま,miyajima
長谷,ながや,nagaya
中西,なかにし,nakanishi
門田,かどた,kadota
浅田,あさだ,asada
根本,ねもと,nemoto
大村,おおむら,oomura
大森,おおもり,oomori
堀口,ほりぐち,horiguchi
松田,まつだ,matsuda
宮沢,みやざわ,miyazawa
桜井,さくらい,sakurai
島田,しまだ,shimada
小田島,おだじま,odajima
大森,おおもり,oomori
菅井,すがい,sugai
三井,みつい,mitsui
森島,もりしま,morishima
須田,すだ,suda
工藤,くどう,kudou
五大,ごだい,godai
有田,ありた,arita
狩野,かの,kano
石黒,いしぐろ,ishiguro
境,さかい,sakai
加藤,かとう,katou
吉原,よしわら,yoshiwara
山野,やまの,yamano
竹内,たけうち,takeuchi
武藤,むとう,mutou
江藤,えとう,etou
牧瀬,まきせ,makise
竹村,たけむら,takemura
草村,くさむら,kusamura
沢,さわ,sawa
藤田,ふじた,fujita
佐藤,さとう,satou
長谷川,はせがわ,hasegawa
加瀬,かせ,kase
平,たいら,taira
堀田,ほった,hotta
植村,うえむら,uemura
小島,こじま,kojima
神戸,こうべ,koube
寺西,てらにし,teranishi
宇都宮,うつのみや,utsunomiya
塚本,つかもと,tsukamoto
清田,きよた,kiyota
池田,いけだ,ikeda
大森,おおもり,oomori
中井,なかい,nakai
中川,なかがわ,nakagawa
大和田,おおわだ,oowada
白木,しらき,shiraki
高谷,たかや,takaya
安倍,あべ,abe
窪塚,くぼづか,kuboduka
船橋,ふなばし,funabashi
水口,みずぐち,mizuguchi
大沼,おおぬま,oonuma
佐々木,ささき,sasaki
藤山,ふじやま,fujiyama
岡,おか,oka
松永,まつなが,matsunaga
深田,ふかだ,fukada
石崎,いしざき,ishizaki
金井,かない,kanai
岩佐,いわさ,iwasa
浜田,はまだ,hamada
小野田,おのだ,onoda
中尾,なかお,nakao
車,くるま,kuruma
城田,しろた,shirota
今泉,いまいずみ,imaizumi
高見,たかみ,takami
丸山,まるやま,maruyama
小宮,こみや,komiya
